plan_id,strategy,joins,broadcasts,shuffle_hash,sort_merge,exchanges,input_bytes,intermediate_bytes,row_count_stat,predicted_cost,predicted_latency,actual_latency_mean,actual_latency_median,actual_latency_min,actual_latency_max,actual_cost_mean,actual_cost_median,fingerprint
repeated_candidate_execution_P07,join_order_c_o_n,2,2,0,0,2,88800.0,640000000.0,1000.0,0.00028344154949159345,2.6879956054687506,0.10866973300047296,0.10499622399947839,0.09255444200243801,0.1284585329995025,2.897859546679279e-06,2.799899306652757e-06,d80ed3407e3ed72c
repeated_candidate_execution_P04,join_order_c_n_o,2,2,0,0,2,88800.0,6400000.0,1000.0,2.7187635420040162e-05,0.7619549560546875,0.11630810633505462,0.11935149900091346,0.10740372900181683,0.12216909100243356,3.1015495022681233e-06,3.1827066400243594e-06,c3a62d886400c69c
repeated_candidate_execution_P01,default,2,2,0,0,2,88800.0,6400000.0,100.0,2.7187635420040162e-05,0.7619549560546875,0.1221641790010229,0.12197777899564244,0.1166467300063232,0.12786802800110308,3.2577114400272776e-06,3.2527407732171316e-06,85bba5ea5a393b05
repeated_candidate_execution_P10,join_order_o_c_n,2,2,0,0,2,88800.0,640000000.0,10000.0,0.00028344154949159345,2.6879956054687506,0.12446045033235957,0.12850803099718178,0.09596047300146893,0.148912846998428,3.318945342196255e-06,3.426880826591514e-06,285f578d50e85f7e
repeated_candidate_execution_P03,shuffle_hash,2,1,1,0,3,88800.0,6400000.0,100.0,3.0236369754050454e-05,0.9361715698242188,0.18424209233247288,0.1692333340033656,0.16692476099706255,0.21656818199699046,4.913122462199276e-06,4.512888906756416e-06,50c83af56b8ec924
repeated_candidate_execution_P02,merge,2,1,0,1,3,88800.0,6400000.0,100.0,3.829123877497338e-05,1.1967131042480468,0.19485441033369474,0.19888621699647047,0.18542693099880125,0.20025008300581248,5.196117608898526e-06,5.3036324532392125e-06,acb1823f2d779beb
repeated_candidate_execution_P12,join_order_o_c_n_shuffle_hash,2,0,2,0,3,88800.0,640000000.0,10000.0,0.00044409066132411533,4.047316894531251,0.34992131533363136,0.20520794299955014,0.18454383900098037,0.6600121640003636,9.331235075563503e-06,5.4722118133213375e-06,d79b0562aa666a70
repeated_candidate_execution_P09,join_order_c_o_n_shuffle_hash,2,0,2,0,3,88800.0,640000000.0,1000.0,0.00044409066132411533,4.047316894531251,0.21414293533356007,0.21201471400127048,0.1981907549998141,0.23222333699959563,5.710478275561602e-06,5.653725706700546e-06,91f1501a1e74c24d
repeated_candidate_execution_P11,join_order_o_c_n_merge,2,0,0,2,3,88800.0,640000000.0,10000.0,0.0005412245474216993,5.077388916015625,0.24990945800042633,0.22093417800351745,0.21166668299701996,0.3171275130007416,6.664252213344703e-06,5.8915780800937985e-06,8d1943c8223cfccb
repeated_candidate_execution_P05,join_order_c_n_o_merge,2,0,0,2,3,88800.0,6400000.0,1000.0,6.640111840676239e-05,1.5085488891601562,0.42127676600163494,0.2281474760020501,0.2014591230035876,0.8342236989992671,1.1234047093376932e-05,6.083932693388002e-06,c018814453bc1485
repeated_candidate_execution_P08,join_order_c_o_n_merge,2,0,0,2,3,88800.0,640000000.0,1000.0,0.0005412245474216993,5.077388916015625,0.23183317000075476,0.23086738800338935,0.20100143199670129,0.26363069000217365,6.182217866686794e-06,6.1564636800903825e-06,ba84f8fff09478a6
repeated_candidate_execution_P06,join_order_c_n_o_shuffle_hash,2,0,2,0,3,88800.0,6400000.0,1000.0,5.7197496941574155e-05,1.1393731689453126,0.8285972513331217,0.2419796270041843,0.18714511799771572,2.056667008997465,2.209592670221658e-05,6.452790053444915e-06,576bb4100d265853
