repetition,execution_position,plan_id,strategy,joins,broadcasts,shuffle_hash,sort_merge,exchanges,input_bytes,intermediate_bytes,row_count_stat,predicted_cost,predicted_latency,actual_latency_seconds,actual_cost,cpu_seconds,bytes_scanned,bytes_shuffled,result_row_count,fingerprint
1,1,repeated_candidate_execution_P12,join_order_o_c_n_shuffle_hash,2,0,2,0,3,88800.0,640000000.0,10000.0,0.00044409066132411533,4.047316894531251,0.6600121640003636,1.7600324373343026e-05,1.320024328000727,0.0,0.0,100,d79b0562aa666a70
1,2,repeated_candidate_execution_P06,join_order_c_n_o_shuffle_hash,2,0,2,0,3,88800.0,6400000.0,1000.0,5.7197496941574155e-05,1.1393731689453126,2.056667008997465,5.484445357326574e-05,4.11333401799493,0.0,0.0,100,576bb4100d265853
1,3,repeated_candidate_execution_P05,join_order_c_n_o_merge,2,0,0,2,3,88800.0,6400000.0,1000.0,6.640111840676239e-05,1.5085488891601562,0.8342236989992671,2.2245965306647124e-05,1.6684473979985341,0.0,0.0,100,c018814453bc1485
1,4,repeated_candidate_execution_P03,shuffle_hash,2,1,1,0,3,88800.0,6400000.0,100.0,3.0236369754050454e-05,0.9361715698242188,0.21656818199699046,5.775151519919746e-06,0.4331363639939809,0.0,0.0,100,50c83af56b8ec924
1,5,repeated_candidate_execution_P11,join_order_o_c_n_merge,2,0,0,2,3,88800.0,640000000.0,10000.0,0.0005412245474216993,5.077388916015625,0.3171275130007416,8.456733680019777e-06,0.6342550260014832,0.0,0.0,100,8d1943c8223cfccb
1,6,repeated_candidate_execution_P10,join_order_o_c_n,2,2,0,0,2,88800.0,640000000.0,10000.0,0.00028344154949159345,2.6879956054687506,0.148912846998428,3.971009253291413e-06,0.297825693996856,0.0,0.0,100,285f578d50e85f7e
1,7,repeated_candidate_execution_P08,join_order_c_o_n_merge,2,0,0,2,3,88800.0,640000000.0,1000.0,0.0005412245474216993,5.077388916015625,0.26363069000217365,7.030151733391297e-06,0.5272613800043473,0.0,0.0,100,ba84f8fff09478a6
1,8,repeated_candidate_execution_P07,join_order_c_o_n,2,2,0,0,2,88800.0,640000000.0,1000.0,0.00028344154949159345,2.6879956054687506,0.1284585329995025,3.425560879986733e-06,0.256917065999005,0.0,0.0,100,d80ed3407e3ed72c
1,9,repeated_candidate_execution_P09,join_order_c_o_n_shuffle_hash,2,0,2,0,3,88800.0,640000000.0,1000.0,0.00044409066132411533,4.047316894531251,0.23222333699959563,6.1926223199892176e-06,0.46444667399919126,0.0,0.0,100,91f1501a1e74c24d
1,10,repeated_candidate_execution_P02,merge,2,1,0,1,3,88800.0,6400000.0,100.0,3.829123877497338e-05,1.1967131042480468,0.19888621699647047,5.3036324532392125e-06,0.39777243399294093,0.0,0.0,100,acb1823f2d779beb
1,11,repeated_candidate_execution_P04,join_order_c_n_o,2,2,0,0,2,88800.0,6400000.0,1000.0,2.7187635420040162e-05,0.7619549560546875,0.12216909100243356,3.257842426731562e-06,0.24433818200486712,0.0,0.0,100,c3a62d886400c69c
1,12,repeated_candidate_execution_P01,default,2,2,0,0,2,88800.0,6400000.0,100.0,2.7187635420040162e-05,0.7619549560546875,0.12197777899564244,3.2527407732171316e-06,0.24395555799128488,0.0,0.0,100,85bba5ea5a393b05
2,1,repeated_candidate_execution_P05,join_order_c_n_o_merge,2,0,0,2,3,88800.0,6400000.0,1000.0,6.640111840676239e-05,1.5085488891601562,0.2281474760020501,6.083932693388002e-06,0.4562949520041002,0.0,0.0,100,c018814453bc1485
2,2,repeated_candidate_execution_P01,default,2,2,0,0,2,88800.0,6400000.0,100.0,2.7187635420040162e-05,0.7619549560546875,0.12786802800110308,3.409814080029416e-06,0.25573605600220617,0.0,0.0,100,85bba5ea5a393b05
2,3,repeated_candidate_execution_P06,join_order_c_n_o_shuffle_hash,2,0,2,0,3,88800.0,6400000.0,1000.0,5.7197496941574155e-05,1.1393731689453126,0.2419796270041843,6.452790053444915e-06,0.4839592540083686,0.0,0.0,100,576bb4100d265853
2,4,repeated_candidate_execution_P11,join_order_o_c_n_merge,2,0,0,2,3,88800.0,640000000.0,10000.0,0.0005412245474216993,5.077388916015625,0.22093417800351745,5.8915780800937985e-06,0.4418683560070349,0.0,0.0,100,8d1943c8223cfccb
2,5,repeated_candidate_execution_P12,join_order_o_c_n_shuffle_hash,2,0,2,0,3,88800.0,640000000.0,10000.0,0.00044409066132411533,4.047316894531251,0.18454383900098037,4.921169040026144e-06,0.36908767800196074,0.0,0.0,100,d79b0562aa666a70
2,6,repeated_candidate_execution_P08,join_order_c_o_n_merge,2,0,0,2,3,88800.0,640000000.0,1000.0,0.0005412245474216993,5.077388916015625,0.20100143199670129,5.360038186578701e-06,0.40200286399340257,0.0,0.0,100,ba84f8fff09478a6
2,7,repeated_candidate_execution_P02,merge,2,1,0,1,3,88800.0,6400000.0,100.0,3.829123877497338e-05,1.1967131042480468,0.20025008300581248,5.340002213488333e-06,0.40050016601162497,0.0,0.0,100,acb1823f2d779beb
2,8,repeated_candidate_execution_P03,shuffle_hash,2,1,1,0,3,88800.0,6400000.0,100.0,3.0236369754050454e-05,0.9361715698242188,0.16692476099706255,4.451326959921668e-06,0.3338495219941251,0.0,0.0,100,50c83af56b8ec924
2,9,repeated_candidate_execution_P04,join_order_c_n_o,2,2,0,0,2,88800.0,6400000.0,1000.0,2.7187635420040162e-05,0.7619549560546875,0.10740372900181683,2.864099440048449e-06,0.21480745800363366,0.0,0.0,100,c3a62d886400c69c
2,10,repeated_candidate_execution_P07,join_order_c_o_n,2,2,0,0,2,88800.0,640000000.0,1000.0,0.00028344154949159345,2.6879956054687506,0.10499622399947839,2.799899306652757e-06,0.20999244799895678,0.0,0.0,100,d80ed3407e3ed72c
2,11,repeated_candidate_execution_P10,join_order_o_c_n,2,2,0,0,2,88800.0,640000000.0,10000.0,0.00028344154949159345,2.6879956054687506,0.12850803099718178,3.426880826591514e-06,0.25701606199436355,0.0,0.0,100,285f578d50e85f7e
2,12,repeated_candidate_execution_P09,join_order_c_o_n_shuffle_hash,2,0,2,0,3,88800.0,640000000.0,1000.0,0.00044409066132411533,4.047316894531251,0.1981907549998141,5.285086799995042e-06,0.3963815099996282,0.0,0.0,100,91f1501a1e74c24d
3,1,repeated_candidate_execution_P03,shuffle_hash,2,1,1,0,3,88800.0,6400000.0,100.0,3.0236369754050454e-05,0.9361715698242188,0.1692333340033656,4.512888906756416e-06,0.3384666680067312,0.0,0.0,100,50c83af56b8ec924
3,2,repeated_candidate_execution_P02,merge,2,1,0,1,3,88800.0,6400000.0,100.0,3.829123877497338e-05,1.1967131042480468,0.18542693099880125,4.944718159968034e-06,0.3708538619976025,0.0,0.0,100,acb1823f2d779beb
3,3,repeated_candidate_execution_P01,default,2,2,0,0,2,88800.0,6400000.0,100.0,2.7187635420040162e-05,0.7619549560546875,0.1166467300063232,3.1105794668352856e-06,0.2332934600126464,0.0,0.0,100,85bba5ea5a393b05
3,4,repeated_candidate_execution_P10,join_order_o_c_n,2,2,0,0,2,88800.0,640000000.0,10000.0,0.00028344154949159345,2.6879956054687506,0.09596047300146893,2.5589459467058383e-06,0.19192094600293785,0.0,0.0,100,285f578d50e85f7e
3,5,repeated_candidate_execution_P07,join_order_c_o_n,2,2,0,0,2,88800.0,640000000.0,1000.0,0.00028344154949159345,2.6879956054687506,0.09255444200243801,2.468118453398347e-06,0.18510888400487602,0.0,0.0,100,d80ed3407e3ed72c
3,6,repeated_candidate_execution_P05,join_order_c_n_o_merge,2,0,0,2,3,88800.0,6400000.0,1000.0,6.640111840676239e-05,1.5085488891601562,0.2014591230035876,5.372243280095669e-06,0.4029182460071752,0.0,0.0,100,c018814453bc1485
3,7,repeated_candidate_execution_P11,join_order_o_c_n_merge,2,0,0,2,3,88800.0,640000000.0,10000.0,0.0005412245474216993,5.077388916015625,0.21166668299701996,5.644444879920532e-06,0.4233333659940399,0.0,0.0,100,8d1943c8223cfccb
3,8,repeated_candidate_execution_P12,join_order_o_c_n_shuffle_hash,2,0,2,0,3,88800.0,640000000.0,10000.0,0.00044409066132411533,4.047316894531251,0.20520794299955014,5.4722118133213375e-06,0.4104158859991003,0.0,0.0,100,d79b0562aa666a70
3,9,repeated_candidate_execution_P04,join_order_c_n_o,2,2,0,0,2,88800.0,6400000.0,1000.0,2.7187635420040162e-05,0.7619549560546875,0.11935149900091346,3.1827066400243594e-06,0.23870299800182693,0.0,0.0,100,c3a62d886400c69c
3,10,repeated_candidate_execution_P06,join_order_c_n_o_shuffle_hash,2,0,2,0,3,88800.0,6400000.0,1000.0,5.7197496941574155e-05,1.1393731689453126,0.18714511799771572,4.990536479939086e-06,0.37429023599543143,0.0,0.0,100,576bb4100d265853
3,11,repeated_candidate_execution_P09,join_order_c_o_n_shuffle_hash,2,0,2,0,3,88800.0,640000000.0,1000.0,0.00044409066132411533,4.047316894531251,0.21201471400127048,5.653725706700546e-06,0.42402942800254095,0.0,0.0,100,91f1501a1e74c24d
3,12,repeated_candidate_execution_P08,join_order_c_o_n_merge,2,0,0,2,3,88800.0,640000000.0,1000.0,0.0005412245474216993,5.077388916015625,0.23086738800338935,6.1564636800903825e-06,0.4617347760067787,0.0,0.0,100,ba84f8fff09478a6
