scenario,policy,tolerance,n,budget,intervention_rate,within_budget_rate,median_total_cost,max_total_cost,median_wall_s,cancelled_attempts,exactly_one_ok_each,median_cost_vs_strict_policy
relaxed,adaptive,1.0,3,0.00016338704427083334,0.333,0.667,8.114462534586589e-05,0.00019455090204874675,3.13,2,1,1.03
relaxed,adaptive,1.5,3,0.00016338704427083334,0.0,1.0,7.90698496500651e-05,8.040261586507162e-05,3.04,0,1,1.01
relaxed,strict,,3,0.00016338704427083334,0.0,1.0,7.852388381958008e-05,8.006681442260743e-05,3.03,0,1,1.0
moderate,adaptive,1.0,3,6.12701416015625e-05,1.0,0.0,0.0001866577402750651,0.00019518666585286457,16.6,6,1,2.39
moderate,adaptive,1.5,3,6.12701416015625e-05,1.0,0.0,0.00015693388621012373,0.00016103832244873046,13.44,6,1,2.01
moderate,strict,,3,6.12701416015625e-05,0.0,0.0,7.8075745900472e-05,8.939957936604818e-05,3.01,0,1,1.0
strict,adaptive,1.0,3,2.0423380533854167e-05,1.0,0.0,0.00013036877314249676,0.0001587584114074707,10.76,6,1,2.27
strict,adaptive,1.5,3,2.0423380533854167e-05,1.0,0.0,0.00012236712773640952,0.00012238128026326498,10.02,6,1,2.13
strict,strict,,3,2.0423380533854167e-05,0.0,0.0,5.752926508585612e-05,5.805656433105469e-05,2.22,0,1,1.0
