scenario,policy,tolerance,rep,budget,baseline_cost,adaptive_action,final_plan_id,final_mode,actual_cost,cancelled_partial_cost,total_cost,wall_time_s,within_budget,sample_fraction,accuracy_error_pct,log_rows,ok_rows,cancelled_rows,statuses
relaxed,strict,,0,0.00016338704427083334,8.169352213541667e-05,none,ADAPTIVE_POLICY_Q1_P02,strict,7.80218505859375e-05,0.0,7.80218505859375e-05,3.013972520828247,1,,,1,1,0,ok
relaxed,strict,,1,0.00016338704427083334,8.169352213541667e-05,none,ADAPTIVE_POLICY_Q1_P02,strict,7.852388381958008e-05,0.0,7.852388381958008e-05,3.034569025039673,1,,,1,1,0,ok
relaxed,strict,,2,0.00016338704427083334,8.169352213541667e-05,none,ADAPTIVE_POLICY_Q1_P02,strict,8.006681442260743e-05,0.0,8.006681442260743e-05,3.0835015773773193,1,,,1,1,0,ok
relaxed,adaptive,1.0,0,0.00016338704427083334,8.169352213541667e-05,none,ADAPTIVE_POLICY_Q1_P02,adaptive,7.862836837768555e-05,0.0,7.862836837768555e-05,3.0311598777770996,1,,,1,1,0,ok
relaxed,adaptive,1.0,1,0.00016338704427083334,8.169352213541667e-05,none,ADAPTIVE_POLICY_Q1_P02,adaptive,8.114462534586589e-05,0.0,8.114462534586589e-05,3.1313276290893555,1,,,1,1,0,ok
relaxed,adaptive,1.0,2,0.00016338704427083334,8.169352213541667e-05,degraded,ADAPTIVE_POLICY_Q1_P06_degraded,degraded,0.00013525217056274414,5.92987314860026e-05,0.00019455090204874675,17.149981260299683,0,0.1,0.35000000000000003,3,1,2,cancelled;cancelled;ok
relaxed,adaptive,1.5,0,0.00016338704427083334,8.169352213541667e-05,none,ADAPTIVE_POLICY_Q1_P02,adaptive,7.90698496500651e-05,0.0,7.90698496500651e-05,3.037186861038208,1,,,1,1,0,ok
relaxed,adaptive,1.5,1,0.00016338704427083334,8.169352213541667e-05,none,ADAPTIVE_POLICY_Q1_P02,adaptive,7.834486643473306e-05,0.0,7.834486643473306e-05,3.0308034420013428,1,,,1,1,0,ok
relaxed,adaptive,1.5,2,0.00016338704427083334,8.169352213541667e-05,none,ADAPTIVE_POLICY_Q1_P02,adaptive,8.040261586507162e-05,0.0,8.040261586507162e-05,3.09370756149292,1,,,1,1,0,ok
moderate,strict,,0,6.12701416015625e-05,8.169352213541667e-05,none,ADAPTIVE_POLICY_Q1_P02,strict,7.80294418334961e-05,0.0,7.80294418334961e-05,3.0050196647644043,0,,,1,1,0,ok
moderate,strict,,1,6.12701416015625e-05,8.169352213541667e-05,none,ADAPTIVE_POLICY_Q1_P02,strict,7.8075745900472e-05,0.0,7.8075745900472e-05,3.012218713760376,0,,,1,1,0,ok
moderate,strict,,2,6.12701416015625e-05,8.169352213541667e-05,none,ADAPTIVE_POLICY_Q1_P02,strict,8.939957936604818e-05,0.0,8.939957936604818e-05,3.5050857067108154,0,,,1,1,0,ok
moderate,adaptive,1.0,0,6.12701416015625e-05,8.169352213541667e-05,degraded,ADAPTIVE_POLICY_Q1_P06_degraded,degraded,0.00012628941853841147,5.96353276570638e-05,0.00018592474619547527,16.601027965545654,0,0.1,0.35000000000000003,3,1,2,cancelled;cancelled;ok
moderate,adaptive,1.0,1,6.12701416015625e-05,8.169352213541667e-05,degraded,ADAPTIVE_POLICY_Q1_P06_degraded,degraded,0.00012429856618245442,7.088809967041015e-05,0.00019518666585286457,17.16343855857849,0,0.1,0.35000000000000003,3,1,2,cancelled;cancelled;ok
moderate,adaptive,1.0,2,6.12701416015625e-05,8.169352213541667e-05,degraded,ADAPTIVE_POLICY_Q1_P06_degraded,degraded,0.00012812049865722655,5.853724161783854e-05,0.0001866577402750651,14.583570718765259,0,0.1,0.35000000000000003,3,1,2,cancelled;cancelled;ok
moderate,adaptive,1.5,0,6.12701416015625e-05,8.169352213541667e-05,degraded,ADAPTIVE_POLICY_Q1_P06_degraded,degraded,0.00010010543187459311,5.68284543355306e-05,0.00015693388621012373,14.716408491134644,0,0.1,0.35000000000000003,3,1,2,cancelled;cancelled;ok
moderate,adaptive,1.5,1,6.12701416015625e-05,8.169352213541667e-05,degraded,ADAPTIVE_POLICY_Q1_P06_degraded,degraded,9.112730026245117e-05,6.991102218627929e-05,0.00016103832244873046,13.437344074249268,0,0.1,0.35000000000000003,3,1,2,cancelled;cancelled;ok
moderate,adaptive,1.5,2,6.12701416015625e-05,8.169352213541667e-05,degraded,ADAPTIVE_POLICY_Q1_P06_degraded,degraded,8.586897532145183e-05,5.66009775797526e-05,0.00014246995290120444,12.00763201713562,0,0.1,0.35000000000000003,3,1,2,cancelled;cancelled;ok
strict,strict,,0,2.0423380533854167e-05,8.169352213541667e-05,none,ADAPTIVE_POLICY_Q1_P02,strict,5.752926508585612e-05,0.0,5.752926508585612e-05,2.229187488555908,0,,,1,1,0,ok
strict,strict,,1,2.0423380533854167e-05,8.169352213541667e-05,none,ADAPTIVE_POLICY_Q1_P02,strict,5.805656433105469e-05,0.0,5.805656433105469e-05,2.2211263179779053,0,,,1,1,0,ok
strict,strict,,2,2.0423380533854167e-05,8.169352213541667e-05,none,ADAPTIVE_POLICY_Q1_P02,strict,4.901011784871419e-05,0.0,4.901011784871419e-05,1.8826212882995605,0,,,1,1,0,ok
strict,adaptive,1.0,0,2.0423380533854167e-05,8.169352213541667e-05,degraded,ADAPTIVE_POLICY_Q1_P06_degraded,degraded,0.00010241858164469402,5.6339829762776694e-05,0.0001587584114074707,15.312335968017578,0,0.1,0.35000000000000003,3,1,2,cancelled;cancelled;ok
strict,adaptive,1.0,1,2.0423380533854167e-05,8.169352213541667e-05,degraded,ADAPTIVE_POLICY_Q1_P06_degraded,degraded,7.508543014526366e-05,5.528334299723308e-05,0.00013036877314249676,10.757150173187256,0,0.1,0.35000000000000003,3,1,2,cancelled;cancelled;ok
strict,adaptive,1.0,2,2.0423380533854167e-05,8.169352213541667e-05,degraded,ADAPTIVE_POLICY_Q1_P06_degraded,degraded,7.2163937886556e-05,5.57609748840332e-05,0.0001279249127705892,10.398144721984863,0,0.1,0.35000000000000003,3,1,2,cancelled;cancelled;ok
strict,adaptive,1.5,0,2.0423380533854167e-05,8.169352213541667e-05,degraded,ADAPTIVE_POLICY_Q1_P06_degraded,degraded,6.723105748494467e-05,5.5136070251464844e-05,0.00012236712773640952,10.112405776977539,0,0.1,0.35000000000000003,3,1,2,cancelled;cancelled;ok
strict,adaptive,1.5,1,2.0423380533854167e-05,8.169352213541667e-05,degraded,ADAPTIVE_POLICY_Q1_P06_degraded,degraded,6.596387863159179e-05,5.528658548990886e-05,0.00012125046412150065,10.018280744552612,0,0.1,0.35000000000000003,3,1,2,cancelled;cancelled;ok
strict,adaptive,1.5,2,2.0423380533854167e-05,8.169352213541667e-05,degraded,ADAPTIVE_POLICY_Q1_P06_degraded,degraded,6.706725438435872e-05,5.5314025878906256e-05,0.00012238128026326498,9.764528274536133,0,0.1,0.35000000000000003,3,1,2,cancelled;cancelled;ok
