budget,candidate_count,feasible_count,pareto_count,selected_plan,selected_cost,selected_latency,failure_reason
2e-05,12,0,0,,,,No candidate satisfies the constraints.
2.3e-05,12,0,0,,,,No candidate satisfies the constraints.
2.4e-05,12,1,1,BUDGET_SENSITIVITY_Q1_P06,2.3935489692758342e-05,1.1230302734375,
2.6e-05,12,2,1,BUDGET_SENSITIVITY_Q1_P06,2.3935489692758342e-05,1.1230302734375,
3e-05,12,5,1,BUDGET_SENSITIVITY_Q1_P06,2.3935489692758342e-05,1.1230302734375,
4e-05,12,6,2,BUDGET_SENSITIVITY_Q1_P05,3.933986007862292e-05,0.75101806640625,
6e-05,12,6,2,BUDGET_SENSITIVITY_Q1_P05,3.933986007862292e-05,0.75101806640625,
0.0001,12,8,2,BUDGET_SENSITIVITY_Q1_P05,3.933986007862292e-05,0.75101806640625,
0.00014,12,12,2,BUDGET_SENSITIVITY_Q1_P05,3.933986007862292e-05,0.75101806640625,
