plan_id,query_id,cpu_component,io_component,shuffle_component,estimated_cost,actual_cost,estimated_latency,actual_latency
CALIB_Q1_P01,CALIB_Q1,9.617619832356771e-06,2.0675361156463623e-07,1.2405216693878174e-06,6.1596593126975e-05,7.223916371663412e-05,1.471321487426758,2.7089686393737793
CALIB_Q1_P02,CALIB_Q1,7.034877014160157e-06,2.0675361156463623e-07,9.30391252040863e-07,3.5861748107625653e-05,2.411370595296224e-05,1.1776157760620116,0.904263973236084
CALIB_Q1_P03,CALIB_Q1,1.001889139811198e-05,2.0675361156463623e-07,1.2405216693878174e-06,6.560069122434673e-05,1.8422114054361978e-05,1.4014168548583985,0.6908292770385742
CALIB_Q2_P01,CALIB_Q2,9.764644622802735e-06,3.1013041734695435e-07,1.860782504081726e-06,6.298944931859847e-05,1.7900746663411456e-05,1.4823483467102052,0.6712779998779297
CALIB_Q2_P02,CALIB_Q2,7.1409732818603515e-06,3.1013041734695435e-07,1.3955868780612946e-06,3.6864756602763715e-05,1.673870086669922e-05,1.1855729961395263,0.6277012825012207
CALIB_Q2_P03,CALIB_Q2,1.0167505645751957e-05,3.1013041734695435e-07,1.860782504081726e-06,6.700940785331373e-05,1.658910115559896e-05,1.4125629234313966,0.6220912933349609
CALIB_Q3_P01,CALIB_Q3,9.970479329427085e-06,4.1350722312927246e-07,2.4810433387756348e-06,6.496914169193165e-05,2.1915791829427083e-05,1.4977859497070314,0.8218421936035156
CALIB_Q3_P02,CALIB_Q3,7.289508056640625e-06,4.1350722312927246e-07,1.860782504081726e-06,3.829123877497338e-05,3.1934547424316404e-05,1.1967131042480468,1.1975455284118652
CALIB_Q3_P03,CALIB_Q3,1.0375565592447919e-05,4.1350722312927246e-07,2.4810433387756348e-06,6.901130483892779e-05,2.067406972249349e-05,1.4281674194335938,0.7752776145935059
CALIB_Q4_P01,CALIB_Q4,1.0558578491210937e-05,6.202608346939087e-07,3.721565008163452e-06,7.068903498372708e-05,2.224450429280599e-05,1.5418933868408204,0.8341689109802246
CALIB_Q4_P02,CALIB_Q4,7.713893127441406e-06,6.202608346939087e-07,2.791173756122589e-06,4.2414624150607524e-05,2.1664543151855467e-05,1.2285419845581054,0.8124203681945801
CALIB_Q4_P03,CALIB_Q4,1.0970022583007816e-05,6.202608346939087e-07,3.721565008163452e-06,7.479463988009729e-05,2.0424601236979165e-05,1.472751693725586,0.7659225463867188
