query_id,plan_id,uncalibrated_cost,calibrated_cost,cost_change,uncalibrated_latency,calibrated_latency,latency_change,cost_changed,latency_changed
CALIBRATION_IMPACT_Q1,CALIBRATION_IMPACT_Q1_P01,6.33384408987283e-05,2.692235370072268e-05,-3.641608719800562e-05,1.4850830078125001,1.4850830078125001,0.0,1,0
CALIBRATION_IMPACT_Q1,CALIBRATION_IMPACT_Q1_P02,3.711617514303992e-05,2.5241300439058896e-05,-1.1874874703981022e-05,1.18754638671875,1.18754638671875,0.0,1,0
CALIBRATION_IMPACT_Q1,CALIBRATION_IMPACT_Q1_P03,6.736233282190476e-05,2.837813378832862e-05,-3.898419903357614e-05,1.4153271484375,1.4153271484375,0.0,1,0
CALIBRATION_IMPACT_Q1,CALIBRATION_IMPACT_Q1_P04,6.33384408987283e-05,2.692235370072268e-05,-3.641608719800562e-05,1.4850830078125001,1.4850830078125001,0.0,1,0
CALIBRATION_IMPACT_Q1,CALIBRATION_IMPACT_Q1_P05,2.5742413058198738e-05,3.933986007862292e-05,1.3597447020424185e-05,0.75101806640625,0.75101806640625,0.0,1,0
CALIBRATION_IMPACT_Q1,CALIBRATION_IMPACT_Q1_P06,5.508251127062123e-05,2.3935489692758342e-05,-3.114702157786289e-05,1.1230302734375,1.1230302734375,0.0,1,0
CALIBRATION_IMPACT_Q1,CALIBRATION_IMPACT_Q1_P07,0.0003607939646837469,0.00013453703042215693,-0.00022625693426158995,3.7208007812499995,3.7208007812499995,0.0,1,0
CALIBRATION_IMPACT_Q1,CALIBRATION_IMPACT_Q1_P08,0.00018733311651978994,9.780080608134801e-05,-8.953231043844193e-05,1.965556640625,1.965556640625,0.0,1,0
CALIBRATION_IMPACT_Q1,CALIBRATION_IMPACT_Q1_P09,0.00029915682754395,0.00011223769469985952,-0.00018691913284409048,2.95752734375,2.95752734375,0.0,1,0
CALIBRATION_IMPACT_Q1,CALIBRATION_IMPACT_Q1_P10,0.0003607939646837469,0.00013453703042215693,-0.00022625693426158995,3.7208007812499995,3.7208007812499995,0.0,1,0
CALIBRATION_IMPACT_Q1,CALIBRATION_IMPACT_Q1_P11,0.00018733311651978994,9.780080608134801e-05,-8.953231043844193e-05,1.965556640625,1.965556640625,0.0,1,0
CALIBRATION_IMPACT_Q1,CALIBRATION_IMPACT_Q1_P12,0.00029915682754395,0.00011223769469985952,-0.00018691913284409048,2.95752734375,2.95752734375,0.0,1,0
