workload,size_n,size_c,size_o,candidate_count,budget,feasible_count,policy,selected_plan,predicted_cost,predicted_latency
Q1_asymmetric,80,800,8000,12,2.3456779898903176e-05,0,min_cost,,,
Q1_asymmetric,80,800,8000,12,2.3456779898903176e-05,0,min_latency,,,
Q1_asymmetric,80,800,8000,12,2.3456779898903176e-05,0,mocap,,,
Q1_asymmetric,80,800,8000,12,2.3935489692758342e-05,1,min_cost,Q1_asymmetric_P06,2.3935489692758342e-05,1.1230302734375
Q1_asymmetric,80,800,8000,12,2.3935489692758342e-05,1,min_latency,Q1_asymmetric_P06,2.3935489692758342e-05,1.1230302734375
Q1_asymmetric,80,800,8000,12,2.3935489692758342e-05,1,mocap,Q1_asymmetric_P06,2.3935489692758342e-05,1.1230302734375
Q1_asymmetric,80,800,8000,12,2.692235370072268e-05,4,min_cost,Q1_asymmetric_P06,2.3935489692758342e-05,1.1230302734375
Q1_asymmetric,80,800,8000,12,2.692235370072268e-05,4,min_latency,Q1_asymmetric_P06,2.3935489692758342e-05,1.1230302734375
Q1_asymmetric,80,800,8000,12,2.692235370072268e-05,4,mocap,Q1_asymmetric_P06,2.3935489692758342e-05,1.1230302734375
Q1_asymmetric,80,800,8000,12,6.857033307998547e-05,6,min_cost,Q1_asymmetric_P06,2.3935489692758342e-05,1.1230302734375
Q1_asymmetric,80,800,8000,12,6.857033307998547e-05,6,min_latency,Q1_asymmetric_P05,3.933986007862292e-05,0.75101806640625
Q1_asymmetric,80,800,8000,12,6.857033307998547e-05,6,mocap,Q1_asymmetric_P05,3.933986007862292e-05,0.75101806640625
Q1_asymmetric,80,800,8000,12,0.00013453703042215693,12,min_cost,Q1_asymmetric_P06,2.3935489692758342e-05,1.1230302734375
Q1_asymmetric,80,800,8000,12,0.00013453703042215693,12,min_latency,Q1_asymmetric_P05,3.933986007862292e-05,0.75101806640625
Q1_asymmetric,80,800,8000,12,0.00013453703042215693,12,mocap,Q1_asymmetric_P05,3.933986007862292e-05,0.75101806640625
Q2_reverse,8000,800,80,12,2.3456779898903176e-05,0,min_cost,,,
Q2_reverse,8000,800,80,12,2.3456779898903176e-05,0,min_latency,,,
Q2_reverse,8000,800,80,12,2.3456779898903176e-05,0,mocap,,,
Q2_reverse,8000,800,80,12,2.3935489692758342e-05,2,min_cost,Q2_reverse_P09,2.3935489692758342e-05,1.1230302734375
Q2_reverse,8000,800,80,12,2.3935489692758342e-05,2,min_latency,Q2_reverse_P09,2.3935489692758342e-05,1.1230302734375
Q2_reverse,8000,800,80,12,2.3935489692758342e-05,2,mocap,Q2_reverse_P09,2.3935489692758342e-05,1.1230302734375
Q2_reverse,8000,800,80,12,2.692235370072268e-05,4,min_cost,Q2_reverse_P09,2.3935489692758342e-05,1.1230302734375
Q2_reverse,8000,800,80,12,2.692235370072268e-05,4,min_latency,Q2_reverse_P09,2.3935489692758342e-05,1.1230302734375
Q2_reverse,8000,800,80,12,2.692235370072268e-05,4,mocap,Q2_reverse_P09,2.3935489692758342e-05,1.1230302734375
Q2_reverse,8000,800,80,12,6.857033307998547e-05,6,min_cost,Q2_reverse_P09,2.3935489692758342e-05,1.1230302734375
Q2_reverse,8000,800,80,12,6.857033307998547e-05,6,min_latency,Q2_reverse_P08,3.933986007862292e-05,0.75101806640625
Q2_reverse,8000,800,80,12,6.857033307998547e-05,6,mocap,Q2_reverse_P08,3.933986007862292e-05,0.75101806640625
Q2_reverse,8000,800,80,12,0.0001371562124202649,12,min_cost,Q2_reverse_P09,2.3935489692758342e-05,1.1230302734375
Q2_reverse,8000,800,80,12,0.0001371562124202649,12,min_latency,Q2_reverse_P08,3.933986007862292e-05,0.75101806640625
Q2_reverse,8000,800,80,12,0.0001371562124202649,12,mocap,Q2_reverse_P08,3.933986007862292e-05,0.75101806640625
Q3_balanced,1000,2000,3000,12,5.007333347187621e-05,0,min_cost,,,
Q3_balanced,1000,2000,3000,12,5.007333347187621e-05,0,min_latency,,,
Q3_balanced,1000,2000,3000,12,5.007333347187621e-05,0,mocap,,,
Q3_balanced,1000,2000,3000,12,5.1095238236608377e-05,1,min_cost,Q3_balanced_P02,5.1095238236608377e-05,1.6805120849609376
Q3_balanced,1000,2000,3000,12,5.1095238236608377e-05,1,min_latency,Q3_balanced_P02,5.1095238236608377e-05,1.6805120849609376
Q3_balanced,1000,2000,3000,12,5.1095238236608377e-05,1,mocap,Q3_balanced_P02,5.1095238236608377e-05,1.6805120849609376
Q3_balanced,1000,2000,3000,12,6.224658943860504e-05,3,min_cost,Q3_balanced_P02,5.1095238236608377e-05,1.6805120849609376
Q3_balanced,1000,2000,3000,12,6.224658943860504e-05,3,min_latency,Q3_balanced_P05,5.340500346703293e-05,1.1221270751953125
Q3_balanced,1000,2000,3000,12,6.224658943860504e-05,3,mocap,Q3_balanced_P02,5.1095238236608377e-05,1.6805120849609376
Q3_balanced,1000,2000,3000,12,7.829599702439854e-05,6,min_cost,Q3_balanced_P02,5.1095238236608377e-05,1.6805120849609376
Q3_balanced,1000,2000,3000,12,7.829599702439854e-05,6,min_latency,Q3_balanced_P05,5.340500346703293e-05,1.1221270751953125
Q3_balanced,1000,2000,3000,12,7.829599702439854e-05,6,mocap,Q3_balanced_P02,5.1095238236608377e-05,1.6805120849609376
Q3_balanced,1000,2000,3000,12,0.00013240712223281108,12,min_cost,Q3_balanced_P02,5.1095238236608377e-05,1.6805120849609376
Q3_balanced,1000,2000,3000,12,0.00013240712223281108,12,min_latency,Q3_balanced_P05,5.340500346703293e-05,1.1221270751953125
Q3_balanced,1000,2000,3000,12,0.00013240712223281108,12,mocap,Q3_balanced_P02,5.1095238236608377e-05,1.6805120849609376
