ablation_variant,description,use_calibration,use_pareto,use_lagrangian,alpha,beta,lambda_mult,budget,candidate_count,feasible_count,pareto_count,selected_plan,selected_strategy,expected_cost,expected_latency,best_score,total_optimizer_time_s,pareto_dominated,failure_reason
full_mocap,Full MOCAP: calibration + Pareto filtering + Lagrangian ranking.,True,True,True,0.5,0.5,0.0,2.2e-05,12,0,0,,,,,,7.63479999932315e-05,0,No candidate satisfies the budget (B = 2.2e-05). All 12 candidates exceed the cost limit.
full_mocap,Full MOCAP: calibration + Pareto filtering + Lagrangian ranking.,True,True,True,0.5,0.5,0.0,4e-05,12,6,2,ABLATION_Q1_P05,BroadcastHashJoin,3.933986007862292e-05,0.75101806640625,0.5,0.00010099700000409939,4,
full_mocap,Full MOCAP: calibration + Pareto filtering + Lagrangian ranking.,True,True,True,0.5,0.5,0.0,0.0001,12,8,2,ABLATION_Q1_P05,BroadcastHashJoin,3.933986007862292e-05,0.75101806640625,0.5,8.495000002994857e-05,6,
full_mocap,Full MOCAP: calibration + Pareto filtering + Lagrangian ranking.,True,True,True,0.5,0.5,0.0,1.0,12,12,2,ABLATION_Q1_P05,BroadcastHashJoin,3.933986007862292e-05,0.75101806640625,0.5,0.00011312899999893489,10,
no_calibration,Ablation: analytical predictor only — no learned calibration.,False,True,True,0.5,0.5,0.0,2.2e-05,12,0,0,,,,,,2.068700001700563e-05,0,No candidate satisfies the budget (B = 2.2e-05). All 12 candidates exceed the cost limit.
no_calibration,Ablation: analytical predictor only — no learned calibration.,False,True,True,0.5,0.5,0.0,4e-05,12,2,1,ABLATION_Q1_P05,BroadcastHashJoin,2.5742413058198738e-05,0.75101806640625,0.0,5.880499998056621e-05,1,
no_calibration,Ablation: analytical predictor only — no learned calibration.,False,True,True,0.5,0.5,0.0,0.0001,12,6,1,ABLATION_Q1_P05,BroadcastHashJoin,2.5742413058198738e-05,0.75101806640625,0.0,8.912900000268564e-05,5,
no_calibration,Ablation: analytical predictor only — no learned calibration.,False,True,True,0.5,0.5,0.0,1.0,12,12,1,ABLATION_Q1_P05,BroadcastHashJoin,2.5742413058198738e-05,0.75101806640625,0.0,8.382999999412277e-05,11,
no_pareto,Ablation: no Pareto filter — all feasible plans enter the ranker.,True,False,True,0.5,0.5,0.0,2.2e-05,12,0,0,,,,,,2.2870999998758634e-05,0,No candidate satisfies the budget (B = 2.2e-05). All 12 candidates exceed the cost limit.
no_pareto,Ablation: no Pareto filter — all feasible plans enter the ranker.,True,False,True,0.5,0.5,0.0,4e-05,12,6,6,ABLATION_Q1_P06,ShuffledHashJoin,2.3935489692758342e-05,1.1230302734375,0.25339189085817476,7.211199999801465e-05,0,
no_pareto,Ablation: no Pareto filter — all feasible plans enter the ranker.,True,False,True,0.5,0.5,0.0,0.0001,12,8,8,ABLATION_Q1_P05,BroadcastHashJoin,3.933986007862292e-05,0.75101806640625,0.10427336630378374,9.614099997179437e-05,0,
no_pareto,Ablation: no Pareto filter — all feasible plans enter the ranker.,True,False,True,0.5,0.5,0.0,1.0,12,12,12,ABLATION_Q1_P06,ShuffledHashJoin,2.3935489692758342e-05,1.1230302734375,0.06263289990406298,9.701600004063948e-05,0,
no_lagrangian,Ablation: no Lagrangian ranking — select minimum-cost feasible plan.,True,True,False,0.5,0.5,0.0,2.2e-05,12,0,0,,,,,,4.0206999983638525e-05,0,No candidate satisfies the budget (B = 2.2e-05). All 12 candidates exceed the cost limit.
no_lagrangian,Ablation: no Lagrangian ranking — select minimum-cost feasible plan.,True,True,False,0.5,0.5,0.0,4e-05,12,6,2,ABLATION_Q1_P06,ShuffledHashJoin,2.3935489692758342e-05,1.1230302734375,2.3935489692758342e-05,9.322400001110509e-05,4,
no_lagrangian,Ablation: no Lagrangian ranking — select minimum-cost feasible plan.,True,True,False,0.5,0.5,0.0,0.0001,12,8,2,ABLATION_Q1_P06,ShuffledHashJoin,2.3935489692758342e-05,1.1230302734375,2.3935489692758342e-05,0.00011876600001414772,6,
no_lagrangian,Ablation: no Lagrangian ranking — select minimum-cost feasible plan.,True,True,False,0.5,0.5,0.0,1.0,12,12,2,ABLATION_Q1_P06,ShuffledHashJoin,2.3935489692758342e-05,1.1230302734375,2.3935489692758342e-05,0.00011710100000072998,10,
no_adaptive,Ablation: accuracy tolerance forced to 0 — no AQP/degraded mode preference.,True,True,True,0.5,0.5,0.0,2.2e-05,12,0,0,,,,,,4.039499998498286e-05,0,No candidate satisfies the budget (B = 2.2e-05). All 12 candidates exceed the cost limit.
no_adaptive,Ablation: accuracy tolerance forced to 0 — no AQP/degraded mode preference.,True,True,True,0.5,0.5,0.0,4e-05,12,6,2,ABLATION_Q1_P05,BroadcastHashJoin,3.933986007862292e-05,0.75101806640625,0.5,0.0001216459999682229,4,
no_adaptive,Ablation: accuracy tolerance forced to 0 — no AQP/degraded mode preference.,True,True,True,0.5,0.5,0.0,0.0001,12,8,2,ABLATION_Q1_P05,BroadcastHashJoin,3.933986007862292e-05,0.75101806640625,0.5,0.00017262000000073385,6,
no_adaptive,Ablation: accuracy tolerance forced to 0 — no AQP/degraded mode preference.,True,True,True,0.5,0.5,0.0,1.0,12,12,2,ABLATION_Q1_P05,BroadcastHashJoin,3.933986007862292e-05,0.75101806640625,0.5,9.79099999653954e-05,10,
latency_only,"Ablation: rank by latency only (alpha=1, beta=0).",True,True,True,1.0,0.0,0.0,2.2e-05,12,0,0,,,,,,2.2155000010570802e-05,0,No candidate satisfies the budget (B = 2.2e-05). All 12 candidates exceed the cost limit.
latency_only,"Ablation: rank by latency only (alpha=1, beta=0).",True,True,True,1.0,0.0,0.0,4e-05,12,6,2,ABLATION_Q1_P05,BroadcastHashJoin,3.933986007862292e-05,0.75101806640625,0.0,6.83950000279765e-05,4,
latency_only,"Ablation: rank by latency only (alpha=1, beta=0).",True,True,True,1.0,0.0,0.0,0.0001,12,8,2,ABLATION_Q1_P05,BroadcastHashJoin,3.933986007862292e-05,0.75101806640625,0.0,9.701599998379606e-05,6,
latency_only,"Ablation: rank by latency only (alpha=1, beta=0).",True,True,True,1.0,0.0,0.0,1.0,12,12,2,ABLATION_Q1_P05,BroadcastHashJoin,3.933986007862292e-05,0.75101806640625,0.0,9.419299999535724e-05,10,
cost_only,"Ablation: rank by cost only (alpha=0, beta=1).",True,True,True,0.0,1.0,0.0,2.2e-05,12,0,0,,,,,,4.265399996938868e-05,0,No candidate satisfies the budget (B = 2.2e-05). All 12 candidates exceed the cost limit.
cost_only,"Ablation: rank by cost only (alpha=0, beta=1).",True,True,True,0.0,1.0,0.0,4e-05,12,6,2,ABLATION_Q1_P06,ShuffledHashJoin,2.3935489692758342e-05,1.1230302734375,0.0,8.950500000537431e-05,4,
cost_only,"Ablation: rank by cost only (alpha=0, beta=1).",True,True,True,0.0,1.0,0.0,0.0001,12,8,2,ABLATION_Q1_P06,ShuffledHashJoin,2.3935489692758342e-05,1.1230302734375,0.0,0.00015105800002856995,6,
cost_only,"Ablation: rank by cost only (alpha=0, beta=1).",True,True,True,0.0,1.0,0.0,1.0,12,12,2,ABLATION_Q1_P06,ShuffledHashJoin,2.3935489692758342e-05,1.1230302734375,0.0,9.710100005122513e-05,10,
high_lambda,Ablation: high violation penalty (lambda_mult=10.0) — tests sensitivity of Lagra,True,True,True,0.5,0.5,10.0,2.2e-05,12,0,0,,,,,,2.1881999998640822e-05,0,No candidate satisfies the budget (B = 2.2e-05). All 12 candidates exceed the cost limit.
high_lambda,Ablation: high violation penalty (lambda_mult=10.0) — tests sensitivity of Lagra,True,True,True,0.5,0.5,10.0,4e-05,12,6,2,ABLATION_Q1_P05,BroadcastHashJoin,3.933986007862292e-05,0.75101806640625,0.5,9.239500002422574e-05,4,
high_lambda,Ablation: high violation penalty (lambda_mult=10.0) — tests sensitivity of Lagra,True,True,True,0.5,0.5,10.0,0.0001,12,8,2,ABLATION_Q1_P05,BroadcastHashJoin,3.933986007862292e-05,0.75101806640625,0.5,0.00014642799999364797,6,
high_lambda,Ablation: high violation penalty (lambda_mult=10.0) — tests sensitivity of Lagra,True,True,True,0.5,0.5,10.0,1.0,12,12,2,ABLATION_Q1_P05,BroadcastHashJoin,3.933986007862292e-05,0.75101806640625,0.5,0.00010284299997920243,10,
