query_id,budget,deadline,policy,plan_id,strategy,predicted_cost,predicted_latency,actual_latency_seconds,actual_cost,cpu_seconds,bytes_scanned,bytes_shuffled,result_row_count,repetition,warmup_runs
BASELINE_Q1,4e-05,100.0,greedy_budget,BASELINE_Q1_P05,join_order_c_n_o_broadcast,3.933986007862292e-05,0.75101806640625,0.1435716290000073,3.828576773333528e-06,0.2871432580000146,0.0,0.0,80,1,1
BASELINE_Q1,4e-05,100.0,mocap,BASELINE_Q1_P05,join_order_c_n_o_broadcast,3.933986007862292e-05,0.75101806640625,0.1435716290000073,3.828576773333528e-06,0.2871432580000146,0.0,0.0,80,1,1
BASELINE_Q1,4e-05,100.0,spark_default,BASELINE_Q1_P06,join_order_c_n_o_shuffle_hash,2.3935489692758342e-05,1.1230302734375,0.732987277999996,1.9546327413333227e-05,1.465974555999992,0.0,0.0,80,1,1
BASELINE_Q1,4e-05,100.0,greedy_budget,BASELINE_Q1_P05,join_order_c_n_o_broadcast,3.933986007862292e-05,0.75101806640625,0.09393120400000043,2.504832106666678e-06,0.18786240800000087,0.0,0.0,80,2,1
BASELINE_Q1,4e-05,100.0,mocap,BASELINE_Q1_P05,join_order_c_n_o_broadcast,3.933986007862292e-05,0.75101806640625,0.09393120400000043,2.504832106666678e-06,0.18786240800000087,0.0,0.0,80,2,1
BASELINE_Q1,4e-05,100.0,spark_default,BASELINE_Q1_P06,join_order_c_n_o_shuffle_hash,2.3935489692758342e-05,1.1230302734375,0.5460403230000566,1.456107528000151e-05,1.0920806460001131,0.0,0.0,80,2,1
BASELINE_Q1,4e-05,100.0,spark_default,BASELINE_Q1_P06,join_order_c_n_o_shuffle_hash,2.3935489692758342e-05,1.1230302734375,0.49484351199998855,1.3195826986666362e-05,0.9896870239999771,0.0,0.0,80,3,1
BASELINE_Q1,4e-05,100.0,greedy_budget,BASELINE_Q1_P05,join_order_c_n_o_broadcast,3.933986007862292e-05,0.75101806640625,0.061423634999982824,1.637963599999542e-06,0.12284726999996565,0.0,0.0,80,3,1
BASELINE_Q1,4e-05,100.0,mocap,BASELINE_Q1_P05,join_order_c_n_o_broadcast,3.933986007862292e-05,0.75101806640625,0.061423634999982824,1.637963599999542e-06,0.12284726999996565,0.0,0.0,80,3,1
BASELINE_Q1,4e-05,100.0,greedy_budget,BASELINE_Q1_P05,join_order_c_n_o_broadcast,3.933986007862292e-05,0.75101806640625,0.0639760369999749,1.7060276533326638e-06,0.1279520739999498,0.0,0.0,80,4,1
BASELINE_Q1,4e-05,100.0,mocap,BASELINE_Q1_P05,join_order_c_n_o_broadcast,3.933986007862292e-05,0.75101806640625,0.0639760369999749,1.7060276533326638e-06,0.1279520739999498,0.0,0.0,80,4,1
BASELINE_Q1,4e-05,100.0,spark_default,BASELINE_Q1_P06,join_order_c_n_o_shuffle_hash,2.3935489692758342e-05,1.1230302734375,0.44708951099994465,1.1922386959998524e-05,0.8941790219998893,0.0,0.0,80,4,1
BASELINE_Q1,4e-05,100.0,greedy_budget,BASELINE_Q1_P05,join_order_c_n_o_broadcast,3.933986007862292e-05,0.75101806640625,0.06552211300004274,1.7472563466678065e-06,0.13104422600008547,0.0,0.0,80,5,1
BASELINE_Q1,4e-05,100.0,mocap,BASELINE_Q1_P05,join_order_c_n_o_broadcast,3.933986007862292e-05,0.75101806640625,0.06552211300004274,1.7472563466678065e-06,0.13104422600008547,0.0,0.0,80,5,1
BASELINE_Q1,4e-05,100.0,spark_default,BASELINE_Q1_P06,join_order_c_n_o_shuffle_hash,2.3935489692758342e-05,1.1230302734375,0.491199636000033,1.3098656960000883e-05,0.982399272000066,0.0,0.0,80,5,1
