query_id,budget,feasible_count,policy,selected_plan,predicted_cost,predicted_latency,cost_within_budget
BASELINE_Q1,2e-05,0,spark_default,BASELINE_Q1_P06,2.3935489692758342e-05,1.1230302734375,NO
BASELINE_Q1,2e-05,0,greedy_budget,,,,N/A
BASELINE_Q1,2e-05,0,mocap,,,,N/A
BASELINE_Q1,2.4e-05,1,spark_default,BASELINE_Q1_P06,2.3935489692758342e-05,1.1230302734375,YES
BASELINE_Q1,2.4e-05,1,greedy_budget,BASELINE_Q1_P06,2.3935489692758342e-05,1.1230302734375,YES
BASELINE_Q1,2.4e-05,1,mocap,BASELINE_Q1_P06,2.3935489692758342e-05,1.1230302734375,YES
BASELINE_Q1,3e-05,5,spark_default,BASELINE_Q1_P06,2.3935489692758342e-05,1.1230302734375,YES
BASELINE_Q1,3e-05,5,greedy_budget,BASELINE_Q1_P06,2.3935489692758342e-05,1.1230302734375,YES
BASELINE_Q1,3e-05,5,mocap,BASELINE_Q1_P06,2.3935489692758342e-05,1.1230302734375,YES
BASELINE_Q1,4e-05,6,spark_default,BASELINE_Q1_P06,2.3935489692758342e-05,1.1230302734375,YES
BASELINE_Q1,4e-05,6,greedy_budget,BASELINE_Q1_P05,3.933986007862292e-05,0.75101806640625,YES
BASELINE_Q1,4e-05,6,mocap,BASELINE_Q1_P05,3.933986007862292e-05,0.75101806640625,YES
BASELINE_Q1,6e-05,6,spark_default,BASELINE_Q1_P06,2.3935489692758342e-05,1.1230302734375,YES
BASELINE_Q1,6e-05,6,greedy_budget,BASELINE_Q1_P05,3.933986007862292e-05,0.75101806640625,YES
BASELINE_Q1,6e-05,6,mocap,BASELINE_Q1_P05,3.933986007862292e-05,0.75101806640625,YES
BASELINE_Q1,0.0001,8,spark_default,BASELINE_Q1_P06,2.3935489692758342e-05,1.1230302734375,YES
BASELINE_Q1,0.0001,8,greedy_budget,BASELINE_Q1_P05,3.933986007862292e-05,0.75101806640625,YES
BASELINE_Q1,0.0001,8,mocap,BASELINE_Q1_P05,3.933986007862292e-05,0.75101806640625,YES
BASELINE_Q1,0.00014,12,spark_default,BASELINE_Q1_P06,2.3935489692758342e-05,1.1230302734375,YES
BASELINE_Q1,0.00014,12,greedy_budget,BASELINE_Q1_P05,3.933986007862292e-05,0.75101806640625,YES
BASELINE_Q1,0.00014,12,mocap,BASELINE_Q1_P05,3.933986007862292e-05,0.75101806640625,YES
