query_id,budget,feasible_count,policy,selected_plan,predicted_cost,predicted_latency
SELECTION_POLICY_Q1,2.4e-05,1,min_cost,SELECTION_POLICY_Q1_P06,2.3935489692758342e-05,1.1230302734375
SELECTION_POLICY_Q1,2.4e-05,1,min_latency,SELECTION_POLICY_Q1_P06,2.3935489692758342e-05,1.1230302734375
SELECTION_POLICY_Q1,2.4e-05,1,mocap,SELECTION_POLICY_Q1_P06,2.3935489692758342e-05,1.1230302734375
SELECTION_POLICY_Q1,3e-05,5,min_cost,SELECTION_POLICY_Q1_P06,2.3935489692758342e-05,1.1230302734375
SELECTION_POLICY_Q1,3e-05,5,min_latency,SELECTION_POLICY_Q1_P06,2.3935489692758342e-05,1.1230302734375
SELECTION_POLICY_Q1,3e-05,5,mocap,SELECTION_POLICY_Q1_P06,2.3935489692758342e-05,1.1230302734375
SELECTION_POLICY_Q1,4e-05,6,min_cost,SELECTION_POLICY_Q1_P06,2.3935489692758342e-05,1.1230302734375
SELECTION_POLICY_Q1,4e-05,6,min_latency,SELECTION_POLICY_Q1_P05,3.933986007862292e-05,0.75101806640625
SELECTION_POLICY_Q1,4e-05,6,mocap,SELECTION_POLICY_Q1_P05,3.933986007862292e-05,0.75101806640625
SELECTION_POLICY_Q1,6e-05,6,min_cost,SELECTION_POLICY_Q1_P06,2.3935489692758342e-05,1.1230302734375
SELECTION_POLICY_Q1,6e-05,6,min_latency,SELECTION_POLICY_Q1_P05,3.933986007862292e-05,0.75101806640625
SELECTION_POLICY_Q1,6e-05,6,mocap,SELECTION_POLICY_Q1_P05,3.933986007862292e-05,0.75101806640625
SELECTION_POLICY_Q1,0.0001,8,min_cost,SELECTION_POLICY_Q1_P06,2.3935489692758342e-05,1.1230302734375
SELECTION_POLICY_Q1,0.0001,8,min_latency,SELECTION_POLICY_Q1_P05,3.933986007862292e-05,0.75101806640625
SELECTION_POLICY_Q1,0.0001,8,mocap,SELECTION_POLICY_Q1_P05,3.933986007862292e-05,0.75101806640625
SELECTION_POLICY_Q1,0.00014,12,min_cost,SELECTION_POLICY_Q1_P06,2.3935489692758342e-05,1.1230302734375
SELECTION_POLICY_Q1,0.00014,12,min_latency,SELECTION_POLICY_Q1_P05,3.933986007862292e-05,0.75101806640625
SELECTION_POLICY_Q1,0.00014,12,mocap,SELECTION_POLICY_Q1_P05,3.933986007862292e-05,0.75101806640625
