join_order,strategy,intermediate_bytes,bytes_scanned,bytes_shuffled,estimated_cost,estimated_latency
cd_ss_d_i_s,join_order_cd_ss_d_i_s,11667718750238.0,12231303.0,24462606.0,0.06670331846047578,502.56375
cd_ss_d_i_s,join_order_cd_ss_d_i_s_merge,11667718750238.0,12231303.0,110081727.0,0.13468819684693534,1015.6650000000002
cd_ss_d_i_s,join_order_cd_ss_d_i_s_shuffle_hash,11667718750238.0,12231303.0,110081727.0,0.11183212068634789,843.0755000000003
cd_ss_d_s_i,join_order_cd_ss_d_s_i,1.1512149166901492e+16,12231303.0,24462606.0,0.06670331846047578,502.56375
cd_ss_d_s_i,join_order_cd_ss_d_s_i_merge,1.1512149166901492e+16,12231303.0,110081727.0,0.13468819684693534,1015.6650000000002
cd_ss_d_s_i,join_order_cd_ss_d_s_i_shuffle_hash,1.1512149166901492e+16,12231303.0,110081727.0,0.11183212068634789,843.0755000000003
cd_ss_i_d_s,join_order_cd_ss_i_d_s,2723903855642835.0,12231303.0,24462606.0,0.06670331846047578,502.56375
cd_ss_i_d_s,join_order_cd_ss_i_d_s_merge,2723903855642835.0,12231303.0,110081727.0,0.13468819684693534,1015.6650000000002
cd_ss_i_d_s,join_order_cd_ss_i_d_s_shuffle_hash,2723903855642835.0,12231303.0,110081727.0,0.11183212068634789,843.0755000000003
cd_ss_i_s_d,join_order_cd_ss_i_s_d,2723903855642835.0,12231303.0,24462606.0,0.06670331846047578,502.56375
cd_ss_i_s_d,join_order_cd_ss_i_s_d_merge,2723903855642835.0,12231303.0,110081727.0,0.13468819684693534,1015.6650000000002
cd_ss_i_s_d,join_order_cd_ss_i_s_d_shuffle_hash,2723903855642835.0,12231303.0,110081727.0,0.11183212068634789,843.0755000000003
cd_ss_s_d_i,join_order_cd_ss_s_d_i,1.1938525061971652e+16,12231303.0,24462606.0,0.06670331846047578,502.56375
cd_ss_s_d_i,join_order_cd_ss_s_d_i_merge,1.1938525061971652e+16,12231303.0,110081727.0,0.13468819684693534,1015.6650000000002
cd_ss_s_d_i,join_order_cd_ss_s_d_i_shuffle_hash,1.1938525061971652e+16,12231303.0,110081727.0,0.11183212068634789,843.0755000000003
cd_ss_s_i_d,join_order_cd_ss_s_i_d,4674848832133.0,12231303.0,24462606.0,0.06670331846047578,502.56375
cd_ss_s_i_d,join_order_cd_ss_s_i_d_merge,4674848832133.0,12231303.0,110081727.0,0.13468819684693534,1015.6650000000002
cd_ss_s_i_d,join_order_cd_ss_s_i_d_shuffle_hash,4674848832133.0,12231303.0,110081727.0,0.11183212068634789,843.0755000000003
d_ss_cd_i_s,join_order_d_ss_cd_i_s,10889870832294.0,12231303.0,24462606.0,0.06670331846047578,502.56375
d_ss_cd_i_s,join_order_d_ss_cd_i_s_merge,10889870832294.0,12231303.0,110081727.0,0.13468819684693534,1015.6650000000002
d_ss_cd_i_s,join_order_d_ss_cd_i_s_shuffle_hash,10889870832294.0,12231303.0,110081727.0,0.11183212068634789,843.0755000000003
d_ss_cd_s_i,join_order_d_ss_cd_s_i,1.074467255453008e+16,12231303.0,24462606.0,0.06670331846047578,502.56375
d_ss_cd_s_i,join_order_d_ss_cd_s_i_merge,1.074467255453008e+16,12231303.0,110081727.0,0.13468819684693534,1015.6650000000002
d_ss_cd_s_i,join_order_d_ss_cd_s_i_shuffle_hash,1.074467255453008e+16,12231303.0,110081727.0,0.11183212068634789,843.0755000000003
d_ss_i_cd_s,join_order_d_ss_i_cd_s,1519240336220883.0,12231303.0,24462606.0,0.06670331846047578,502.56375
d_ss_i_cd_s,join_order_d_ss_i_cd_s_merge,1519240336220883.0,12231303.0,110081727.0,0.13468819684693534,1015.6650000000002
d_ss_i_cd_s,join_order_d_ss_i_cd_s_shuffle_hash,1519240336220883.0,12231303.0,110081727.0,0.11183212068634789,843.0755000000003
d_ss_i_s_cd,join_order_d_ss_i_s_cd,1519240336220883.0,12231303.0,24462606.0,0.06670331846047578,502.56375
d_ss_i_s_cd,join_order_d_ss_i_s_cd_merge,1519240336220883.0,12231303.0,110081727.0,0.13468819684693534,1015.6650000000002
d_ss_i_s_cd,join_order_d_ss_i_s_cd_shuffle_hash,1519240336220883.0,12231303.0,110081727.0,0.11183212068634789,843.0755000000003
d_ss_s_cd_i,join_order_d_ss_s_cd_i,1.0744672554527982e+16,12231303.0,24462606.0,0.06670331846047578,502.56375
d_ss_s_cd_i,join_order_d_ss_s_cd_i_merge,1.0744672554527982e+16,12231303.0,110081727.0,0.13468819684693534,1015.6650000000002
d_ss_s_cd_i,join_order_d_ss_s_cd_i_shuffle_hash,1.0744672554527982e+16,12231303.0,110081727.0,0.11183212068634789,843.0755000000003
d_ss_s_i_cd,join_order_d_ss_s_i_cd,2607367692805.0,12231303.0,24462606.0,0.06670331846047578,502.56375
d_ss_s_i_cd,join_order_d_ss_s_i_cd_merge,2607367692805.0,12231303.0,110081727.0,0.13468819684693534,1015.6650000000002
d_ss_s_i_cd,join_order_d_ss_s_i_cd_shuffle_hash,2607367692805.0,12231303.0,110081727.0,0.11183212068634789,843.0755000000003
i_ss_cd_d_s,join_order_i_ss_cd_d_s,2723903855722609.0,12231303.0,24462606.0,0.06670331846047578,502.56375
i_ss_cd_d_s,join_order_i_ss_cd_d_s_merge,2723903855722609.0,12231303.0,110081727.0,0.13468819684693534,1015.6650000000002
i_ss_cd_d_s,join_order_i_ss_cd_d_s_shuffle_hash,2723903855722609.0,12231303.0,110081727.0,0.11183212068634789,843.0755000000003
i_ss_cd_s_d,join_order_i_ss_cd_s_d,2723903855722609.0,12231303.0,24462606.0,0.06670331846047578,502.56375
i_ss_cd_s_d,join_order_i_ss_cd_s_d_merge,2723903855722609.0,12231303.0,110081727.0,0.13468819684693534,1015.6650000000002
i_ss_cd_s_d,join_order_i_ss_cd_s_d_shuffle_hash,2723903855722609.0,12231303.0,110081727.0,0.11183212068634789,843.0755000000003
i_ss_d_cd_s,join_order_i_ss_d_cd_s,1627757503329984.0,12231303.0,24462606.0,0.06670331846047578,502.56375
i_ss_d_cd_s,join_order_i_ss_d_cd_s_merge,1627757503329984.0,12231303.0,110081727.0,0.13468819684693534,1015.6650000000002
i_ss_d_cd_s,join_order_i_ss_d_cd_s_shuffle_hash,1627757503329984.0,12231303.0,110081727.0,0.11183212068634789,843.0755000000003
i_ss_d_s_cd,join_order_i_ss_d_s_cd,1627757503329984.0,12231303.0,24462606.0,0.06670331846047578,502.56375
i_ss_d_s_cd,join_order_i_ss_d_s_cd_merge,1627757503329984.0,12231303.0,110081727.0,0.13468819684693534,1015.6650000000002
i_ss_d_s_cd,join_order_i_ss_d_s_cd_shuffle_hash,1627757503329984.0,12231303.0,110081727.0,0.11183212068634789,843.0755000000003
i_ss_s_cd_d,join_order_i_ss_s_cd_d,652185780813653.0,12231303.0,24462606.0,0.06670331846047578,502.56375
i_ss_s_cd_d,join_order_i_ss_s_cd_d_merge,652185780813653.0,12231303.0,110081727.0,0.13468819684693534,1015.6650000000002
i_ss_s_cd_d,join_order_i_ss_s_cd_d_shuffle_hash,652185780813653.0,12231303.0,110081727.0,0.11183212068634789,843.0755000000003
i_ss_s_d_cd,join_order_i_ss_s_d_cd,652185780813653.0,12231303.0,24462606.0,0.06670331846047578,502.56375
i_ss_s_d_cd,join_order_i_ss_s_d_cd_merge,652185780813653.0,12231303.0,110081727.0,0.13468819684693534,1015.6650000000002
i_ss_s_d_cd,join_order_i_ss_s_d_cd_shuffle_hash,652185780813653.0,12231303.0,110081727.0,0.11183212068634789,843.0755000000003
s_ss_cd_d_i,join_order_s_ss_cd_d_i,1.1938525059323384e+16,12231303.0,24462606.0,0.06670331846047578,502.56375
s_ss_cd_d_i,join_order_s_ss_cd_d_i_merge,1.1938525059323384e+16,12231303.0,110081727.0,0.13468819684693534,1015.6650000000002
s_ss_cd_d_i,join_order_s_ss_cd_d_i_shuffle_hash,1.1938525059323384e+16,12231303.0,110081727.0,0.11183212068634789,843.0755000000003
s_ss_cd_i_d,join_order_s_ss_cd_i_d,4674848831096.0,12231303.0,24462606.0,0.06670331846047578,502.56375
s_ss_cd_i_d,join_order_s_ss_cd_i_d_merge,4674848831096.0,12231303.0,110081727.0,0.13468819684693534,1015.6650000000002
s_ss_cd_i_d,join_order_s_ss_cd_i_d_shuffle_hash,4674848831096.0,12231303.0,110081727.0,0.11183212068634789,843.0755000000003
s_ss_d_cd_i,join_order_s_ss_d_cd_i,1.1512149164349738e+16,12231303.0,24462606.0,0.06670331846047578,502.56375
s_ss_d_cd_i,join_order_s_ss_d_cd_i_merge,1.1512149164349738e+16,12231303.0,110081727.0,0.13468819684693534,1015.6650000000002
s_ss_d_cd_i,join_order_s_ss_d_cd_i_shuffle_hash,1.1512149164349738e+16,12231303.0,110081727.0,0.11183212068634789,843.0755000000003
s_ss_d_i_cd,join_order_s_ss_d_i_cd,2793608241996.0,12231303.0,24462606.0,0.06670331846047578,502.56375
s_ss_d_i_cd,join_order_s_ss_d_i_cd_merge,2793608241996.0,12231303.0,110081727.0,0.13468819684693534,1015.6650000000002
s_ss_d_i_cd,join_order_s_ss_d_i_cd_shuffle_hash,2793608241996.0,12231303.0,110081727.0,0.11183212068634789,843.0755000000003
s_ss_i_cd_d,join_order_s_ss_i_cd_d,652185780649959.0,12231303.0,24462606.0,0.06670331846047578,502.56375
s_ss_i_cd_d,join_order_s_ss_i_cd_d_merge,652185780649959.0,12231303.0,110081727.0,0.13468819684693534,1015.6650000000002
s_ss_i_cd_d,join_order_s_ss_i_cd_d_shuffle_hash,652185780649959.0,12231303.0,110081727.0,0.11183212068634789,843.0755000000003
s_ss_i_d_cd,join_order_s_ss_i_d_cd,652185780649959.0,12231303.0,24462606.0,0.06670331846047578,502.56375
s_ss_i_d_cd,join_order_s_ss_i_d_cd_merge,652185780649959.0,12231303.0,110081727.0,0.13468819684693534,1015.6650000000002
s_ss_i_d_cd,join_order_s_ss_i_d_cd_shuffle_hash,652185780649959.0,12231303.0,110081727.0,0.11183212068634789,843.0755000000003
ss_cd_d_i_s,join_order_ss_cd_d_i_s,11667718750238.0,12231303.0,24462606.0,0.06670331846047578,502.56375
ss_cd_d_i_s,join_order_ss_cd_d_i_s_merge,11667718750238.0,12231303.0,110081727.0,0.13468819684693534,1015.6650000000002
ss_cd_d_i_s,join_order_ss_cd_d_i_s_shuffle_hash,11667718750238.0,12231303.0,110081727.0,0.11183212068634789,843.0755000000003
ss_cd_d_s_i,join_order_ss_cd_d_s_i,1.1512149166901492e+16,12231303.0,24462606.0,0.06670331846047578,502.56375
ss_cd_d_s_i,join_order_ss_cd_d_s_i_merge,1.1512149166901492e+16,12231303.0,110081727.0,0.13468819684693534,1015.6650000000002
ss_cd_d_s_i,join_order_ss_cd_d_s_i_shuffle_hash,1.1512149166901492e+16,12231303.0,110081727.0,0.11183212068634789,843.0755000000003
ss_cd_i_d_s,join_order_ss_cd_i_d_s,2723903855642835.0,12231303.0,24462606.0,0.06670331846047578,502.56375
ss_cd_i_d_s,join_order_ss_cd_i_d_s_merge,2723903855642835.0,12231303.0,110081727.0,0.13468819684693534,1015.6650000000002
ss_cd_i_d_s,join_order_ss_cd_i_d_s_shuffle_hash,2723903855642835.0,12231303.0,110081727.0,0.11183212068634789,843.0755000000003
ss_cd_i_s_d,join_order_ss_cd_i_s_d,2723903855642835.0,12231303.0,24462606.0,0.06670331846047578,502.56375
ss_cd_i_s_d,join_order_ss_cd_i_s_d_merge,2723903855642835.0,12231303.0,110081727.0,0.13468819684693534,1015.6650000000002
ss_cd_i_s_d,join_order_ss_cd_i_s_d_shuffle_hash,2723903855642835.0,12231303.0,110081727.0,0.11183212068634789,843.0755000000003
ss_cd_s_d_i,join_order_ss_cd_s_d_i,1.1938525061971652e+16,12231303.0,24462606.0,0.06670331846047578,502.56375
ss_cd_s_d_i,join_order_ss_cd_s_d_i_merge,1.1938525061971652e+16,12231303.0,110081727.0,0.13468819684693534,1015.6650000000002
ss_cd_s_d_i,join_order_ss_cd_s_d_i_shuffle_hash,1.1938525061971652e+16,12231303.0,110081727.0,0.11183212068634789,843.0755000000003
ss_cd_s_i_d,join_order_ss_cd_s_i_d,4674848832133.0,12231303.0,24462606.0,0.06670331846047578,502.56375
ss_cd_s_i_d,join_order_ss_cd_s_i_d_merge,4674848832133.0,12231303.0,110081727.0,0.13468819684693534,1015.6650000000002
ss_cd_s_i_d,join_order_ss_cd_s_i_d_shuffle_hash,4674848832133.0,12231303.0,110081727.0,0.11183212068634789,843.0755000000003
ss_d_cd_i_s,join_order_ss_d_cd_i_s,10889870832294.0,12231303.0,24462606.0,0.06670331846047578,502.56375
ss_d_cd_i_s,join_order_ss_d_cd_i_s_merge,10889870832294.0,12231303.0,110081727.0,0.13468819684693534,1015.6650000000002
ss_d_cd_i_s,join_order_ss_d_cd_i_s_shuffle_hash,10889870832294.0,12231303.0,110081727.0,0.11183212068634789,843.0755000000003
ss_d_cd_s_i,join_order_ss_d_cd_s_i,1.074467255453008e+16,12231303.0,24462606.0,0.06670331846047578,502.56375
ss_d_cd_s_i,join_order_ss_d_cd_s_i_merge,1.074467255453008e+16,12231303.0,110081727.0,0.13468819684693534,1015.6650000000002
ss_d_cd_s_i,join_order_ss_d_cd_s_i_shuffle_hash,1.074467255453008e+16,12231303.0,110081727.0,0.11183212068634789,843.0755000000003
ss_d_i_cd_s,join_order_ss_d_i_cd_s,1519240336220883.0,12231303.0,24462606.0,0.06670331846047578,502.56375
ss_d_i_cd_s,join_order_ss_d_i_cd_s_merge,1519240336220883.0,12231303.0,110081727.0,0.13468819684693534,1015.6650000000002
ss_d_i_cd_s,join_order_ss_d_i_cd_s_shuffle_hash,1519240336220883.0,12231303.0,110081727.0,0.11183212068634789,843.0755000000003
ss_d_i_s_cd,join_order_ss_d_i_s_cd,1519240336220883.0,12231303.0,24462606.0,0.06670331846047578,502.56375
ss_d_i_s_cd,join_order_ss_d_i_s_cd_merge,1519240336220883.0,12231303.0,110081727.0,0.13468819684693534,1015.6650000000002
ss_d_i_s_cd,join_order_ss_d_i_s_cd_shuffle_hash,1519240336220883.0,12231303.0,110081727.0,0.11183212068634789,843.0755000000003
ss_d_s_cd_i,join_order_ss_d_s_cd_i,1.0744672554527982e+16,12231303.0,24462606.0,0.06670331846047578,502.56375
ss_d_s_cd_i,join_order_ss_d_s_cd_i_merge,1.0744672554527982e+16,12231303.0,110081727.0,0.13468819684693534,1015.6650000000002
ss_d_s_cd_i,join_order_ss_d_s_cd_i_shuffle_hash,1.0744672554527982e+16,12231303.0,110081727.0,0.11183212068634789,843.0755000000003
ss_i_cd_d_s,join_order_ss_i_cd_d_s,2723903855722609.0,12231303.0,24462606.0,0.06670331846047578,502.56375
ss_i_cd_d_s,join_order_ss_i_cd_d_s_merge,2723903855722609.0,12231303.0,110081727.0,0.13468819684693534,1015.6650000000002
ss_i_cd_d_s,join_order_ss_i_cd_d_s_shuffle_hash,2723903855722609.0,12231303.0,110081727.0,0.11183212068634789,843.0755000000003
ss_i_cd_s_d,join_order_ss_i_cd_s_d,2723903855722609.0,12231303.0,24462606.0,0.06670331846047578,502.56375
ss_i_cd_s_d,join_order_ss_i_cd_s_d_merge,2723903855722609.0,12231303.0,110081727.0,0.13468819684693534,1015.6650000000002
ss_i_cd_s_d,join_order_ss_i_cd_s_d_shuffle_hash,2723903855722609.0,12231303.0,110081727.0,0.11183212068634789,843.0755000000003
ss_i_d_cd_s,join_order_ss_i_d_cd_s,1627757503329984.0,12231303.0,24462606.0,0.06670331846047578,502.56375
ss_i_d_cd_s,join_order_ss_i_d_cd_s_merge,1627757503329984.0,12231303.0,110081727.0,0.13468819684693534,1015.6650000000002
ss_i_d_cd_s,join_order_ss_i_d_cd_s_shuffle_hash,1627757503329984.0,12231303.0,110081727.0,0.11183212068634789,843.0755000000003
ss_i_d_s_cd,join_order_ss_i_d_s_cd,1627757503329984.0,12231303.0,24462606.0,0.06670331846047578,502.56375
ss_i_d_s_cd,join_order_ss_i_d_s_cd_merge,1627757503329984.0,12231303.0,110081727.0,0.13468819684693534,1015.6650000000002
ss_i_d_s_cd,join_order_ss_i_d_s_cd_shuffle_hash,1627757503329984.0,12231303.0,110081727.0,0.11183212068634789,843.0755000000003
ss_i_s_cd_d,join_order_ss_i_s_cd_d,652185780813653.0,12231303.0,24462606.0,0.06670331846047578,502.56375
ss_i_s_cd_d,join_order_ss_i_s_cd_d_merge,652185780813653.0,12231303.0,110081727.0,0.13468819684693534,1015.6650000000002
ss_i_s_cd_d,join_order_ss_i_s_cd_d_shuffle_hash,652185780813653.0,12231303.0,110081727.0,0.11183212068634789,843.0755000000003
ss_i_s_d_cd,join_order_ss_i_s_d_cd,652185780813653.0,12231303.0,24462606.0,0.06670331846047578,502.56375
ss_i_s_d_cd,join_order_ss_i_s_d_cd_merge,652185780813653.0,12231303.0,110081727.0,0.13468819684693534,1015.6650000000002
ss_i_s_d_cd,join_order_ss_i_s_d_cd_shuffle_hash,652185780813653.0,12231303.0,110081727.0,0.11183212068634789,843.0755000000003
ss_s_cd_d_i,join_order_ss_s_cd_d_i,1.1938525059323384e+16,12231303.0,24462606.0,0.06670331846047578,502.56375
ss_s_cd_d_i,join_order_ss_s_cd_d_i_merge,1.1938525059323384e+16,12231303.0,110081727.0,0.13468819684693534,1015.6650000000002
ss_s_cd_d_i,join_order_ss_s_cd_d_i_shuffle_hash,1.1938525059323384e+16,12231303.0,110081727.0,0.11183212068634789,843.0755000000003
ss_s_cd_i_d,join_order_ss_s_cd_i_d,4674848831096.0,12231303.0,24462606.0,0.06670331846047578,502.56375
ss_s_cd_i_d,join_order_ss_s_cd_i_d_merge,4674848831096.0,12231303.0,110081727.0,0.13468819684693534,1015.6650000000002
ss_s_cd_i_d,join_order_ss_s_cd_i_d_shuffle_hash,4674848831096.0,12231303.0,110081727.0,0.11183212068634789,843.0755000000003
ss_s_d_cd_i,join_order_ss_s_d_cd_i,1.1512149164349738e+16,12231303.0,24462606.0,0.06670331846047578,502.56375
ss_s_d_cd_i,join_order_ss_s_d_cd_i_merge,1.1512149164349738e+16,12231303.0,110081727.0,0.13468819684693534,1015.6650000000002
ss_s_d_cd_i,join_order_ss_s_d_cd_i_shuffle_hash,1.1512149164349738e+16,12231303.0,110081727.0,0.11183212068634789,843.0755000000003
ss_s_d_i_cd,join_order_ss_s_d_i_cd,2793608241996.0,12231303.0,24462606.0,0.06670331846047578,502.56375
ss_s_d_i_cd,join_order_ss_s_d_i_cd_merge,2793608241996.0,12231303.0,110081727.0,0.13468819684693534,1015.6650000000002
ss_s_d_i_cd,join_order_ss_s_d_i_cd_shuffle_hash,2793608241996.0,12231303.0,110081727.0,0.11183212068634789,843.0755000000003
ss_s_i_cd_d,join_order_ss_s_i_cd_d,652185780649959.0,12231303.0,24462606.0,0.06670331846047578,502.56375
ss_s_i_cd_d,join_order_ss_s_i_cd_d_merge,652185780649959.0,12231303.0,110081727.0,0.13468819684693534,1015.6650000000002
ss_s_i_cd_d,join_order_ss_s_i_cd_d_shuffle_hash,652185780649959.0,12231303.0,110081727.0,0.11183212068634789,843.0755000000003
ss_s_i_d_cd,join_order_ss_s_i_d_cd,652185780649959.0,12231303.0,24462606.0,0.06670331846047578,502.56375
ss_s_i_d_cd,join_order_ss_s_i_d_cd_merge,652185780649959.0,12231303.0,110081727.0,0.13468819684693534,1015.6650000000002
ss_s_i_d_cd,join_order_ss_s_i_d_cd_shuffle_hash,652185780649959.0,12231303.0,110081727.0,0.11183212068634789,843.0755000000003
