query_id,plan_id,strategy,fingerprint,input_bytes,intermediate_bytes,row_count,estimated_cost,estimated_latency,cpu_component,io_component,shuffle_component,cpu_seconds,bytes_scanned,bytes_shuffled
tpcds_derived_q5,tpcds_derived_q5_P01,default,bb27570b41184d08,12231303.0,2607367692805.0,,0.06670331846047578,502.56375,0.00669085,5.695644300431013e-05,0.00022782577201724052,501.81375,12231303.0,24462606.0
tpcds_derived_q5,tpcds_derived_q5_P02,broadcast,85cc7d9b06f17f24,12231303.0,2607367692805.0,,0.06670331846047578,502.56375,0.00669085,5.695644300431013e-05,0.00022782577201724052,501.81375,12231303.0,24462606.0
tpcds_derived_q5,tpcds_derived_q5_P03,merge,9c15b667c53a452f,12231303.0,2607367692805.0,,0.07507189800195171,565.9925000000001,0.007531900000000001,5.695644300431013e-05,0.00042717332253232597,564.8925,12231303.0,45867386.25
tpcds_derived_q5,tpcds_derived_q5_P04,shuffle_hash,762b9ac8667f45c8,12231303.0,2607367692805.0,,0.06907729948742977,520.73625,0.006931150000000001,5.695644300431013e-05,0.00042717332253232597,519.8362500000001,12231303.0,45867386.25
tpcds_derived_q5,tpcds_derived_q5_P05,join_order_ss_d_s_cd_i,8c5c2e1cb9b8b67c,12231303.0,1.0744672554527982e+16,,0.06670331846047578,502.56375,0.00669085,5.695644300431013e-05,0.00022782577201724052,501.81375,12231303.0,24462606.0
tpcds_derived_q5,tpcds_derived_q5_P06,join_order_ss_d_s_cd_i_merge,4c66adfc996a7acc,12231303.0,1.0744672554527982e+16,,0.13468819684693534,1015.6650000000002,0.013513533333333338,5.695644300431013e-05,0.0010252159740775824,1013.5150000000002,12231303.0,110081727.0
tpcds_derived_q5,tpcds_derived_q5_P07,join_order_ss_d_s_cd_i_shuffle_hash,6a1990965ce4b0a3,12231303.0,1.0744672554527982e+16,,0.11183212068634789,843.0755000000003,0.01122300666666667,5.695644300431013e-05,0.0010252159740775824,841.7255000000002,12231303.0,110081727.0
tpcds_derived_q5,tpcds_derived_q5_P08,join_order_ss_d_i_s_cd,31f8a74fc92d5158,12231303.0,1519240336220883.0,,0.06670331846047578,502.56375,0.00669085,5.695644300431013e-05,0.00022782577201724052,501.81375,12231303.0,24462606.0
tpcds_derived_q5,tpcds_derived_q5_P09,join_order_ss_d_i_s_cd_merge,ccc6125a20d8d8b5,12231303.0,1519240336220883.0,,0.13468819684693534,1015.6650000000002,0.013513533333333338,5.695644300431013e-05,0.0010252159740775824,1013.5150000000002,12231303.0,110081727.0
tpcds_derived_q5,tpcds_derived_q5_P10,join_order_ss_d_i_s_cd_shuffle_hash,2b5f16d474b42b0d,12231303.0,1519240336220883.0,,0.11183212068634789,843.0755000000003,0.01122300666666667,5.695644300431013e-05,0.0010252159740775824,841.7255000000002,12231303.0,110081727.0
tpcds_derived_q5,tpcds_derived_q5_P11,join_order_ss_d_i_cd_s,7f00ac7bac4c353c,12231303.0,1519240336220883.0,,0.06670331846047578,502.56375,0.00669085,5.695644300431013e-05,0.00022782577201724052,501.81375,12231303.0,24462606.0
tpcds_derived_q5,tpcds_derived_q5_P12,join_order_ss_d_i_cd_s_merge,ecf3a2f03bdcc93a,12231303.0,1519240336220883.0,,0.13468819684693534,1015.6650000000002,0.013513533333333338,5.695644300431013e-05,0.0010252159740775824,1013.5150000000002,12231303.0,110081727.0
tpcds_derived_q5,tpcds_derived_q5_P13,join_order_ss_d_i_cd_s_shuffle_hash,06863c52a4faaea4,12231303.0,1519240336220883.0,,0.11183212068634789,843.0755000000003,0.01122300666666667,5.695644300431013e-05,0.0010252159740775824,841.7255000000002,12231303.0,110081727.0
tpcds_derived_q5,tpcds_derived_q5_P14,join_order_ss_d_cd_s_i,bbbf3c63f0f2fc58,12231303.0,1.074467255453008e+16,,0.06670331846047578,502.56375,0.00669085,5.695644300431013e-05,0.00022782577201724052,501.81375,12231303.0,24462606.0
tpcds_derived_q5,tpcds_derived_q5_P15,join_order_ss_d_cd_s_i_merge,534dda5672a227a8,12231303.0,1.074467255453008e+16,,0.13468819684693534,1015.6650000000002,0.013513533333333338,5.695644300431013e-05,0.0010252159740775824,1013.5150000000002,12231303.0,110081727.0
tpcds_derived_q5,tpcds_derived_q5_P16,join_order_ss_d_cd_s_i_shuffle_hash,0e2faa08a47263e3,12231303.0,1.074467255453008e+16,,0.11183212068634789,843.0755000000003,0.01122300666666667,5.695644300431013e-05,0.0010252159740775824,841.7255000000002,12231303.0,110081727.0
tpcds_derived_q5,tpcds_derived_q5_P17,join_order_ss_d_cd_i_s,811319bedbabc9ba,12231303.0,10889870832294.0,,0.06670331846047578,502.56375,0.00669085,5.695644300431013e-05,0.00022782577201724052,501.81375,12231303.0,24462606.0
tpcds_derived_q5,tpcds_derived_q5_P18,join_order_ss_d_cd_i_s_merge,a95e972597a6eeae,12231303.0,10889870832294.0,,0.13468819684693534,1015.6650000000002,0.013513533333333338,5.695644300431013e-05,0.0010252159740775824,1013.5150000000002,12231303.0,110081727.0
tpcds_derived_q5,tpcds_derived_q5_P19,join_order_ss_d_cd_i_s_shuffle_hash,c0686368441c4819,12231303.0,10889870832294.0,,0.11183212068634789,843.0755000000003,0.01122300666666667,5.695644300431013e-05,0.0010252159740775824,841.7255000000002,12231303.0,110081727.0
tpcds_derived_q5,tpcds_derived_q5_P20,join_order_ss_s_d_i_cd,ffd14ae8324cfcb5,12231303.0,2793608241996.0,,0.06670331846047578,502.56375,0.00669085,5.695644300431013e-05,0.00022782577201724052,501.81375,12231303.0,24462606.0
tpcds_derived_q5,tpcds_derived_q5_P21,join_order_ss_s_d_i_cd_merge,98de37ebc027a63a,12231303.0,2793608241996.0,,0.13468819684693534,1015.6650000000002,0.013513533333333338,5.695644300431013e-05,0.0010252159740775824,1013.5150000000002,12231303.0,110081727.0
tpcds_derived_q5,tpcds_derived_q5_P22,join_order_ss_s_d_i_cd_shuffle_hash,e35aac327a06e55b,12231303.0,2793608241996.0,,0.11183212068634789,843.0755000000003,0.01122300666666667,5.695644300431013e-05,0.0010252159740775824,841.7255000000002,12231303.0,110081727.0
tpcds_derived_q5,tpcds_derived_q5_P23,join_order_ss_s_d_cd_i,996bd36b9b0504cd,12231303.0,1.1512149164349738e+16,,0.06670331846047578,502.56375,0.00669085,5.695644300431013e-05,0.00022782577201724052,501.81375,12231303.0,24462606.0
tpcds_derived_q5,tpcds_derived_q5_P24,join_order_ss_s_d_cd_i_merge,838d4e252227128d,12231303.0,1.1512149164349738e+16,,0.13468819684693534,1015.6650000000002,0.013513533333333338,5.695644300431013e-05,0.0010252159740775824,1013.5150000000002,12231303.0,110081727.0
tpcds_derived_q5,tpcds_derived_q5_P25,join_order_ss_s_d_cd_i_shuffle_hash,9f1529f92d211ecc,12231303.0,1.1512149164349738e+16,,0.11183212068634789,843.0755000000003,0.01122300666666667,5.695644300431013e-05,0.0010252159740775824,841.7255000000002,12231303.0,110081727.0
tpcds_derived_q5,tpcds_derived_q5_P26,join_order_ss_s_i_d_cd,21f8ced7f61e9ffa,12231303.0,652185780649959.0,,0.06670331846047578,502.56375,0.00669085,5.695644300431013e-05,0.00022782577201724052,501.81375,12231303.0,24462606.0
tpcds_derived_q5,tpcds_derived_q5_P27,join_order_ss_s_i_d_cd_merge,02295484553f7cf0,12231303.0,652185780649959.0,,0.13468819684693534,1015.6650000000002,0.013513533333333338,5.695644300431013e-05,0.0010252159740775824,1013.5150000000002,12231303.0,110081727.0
tpcds_derived_q5,tpcds_derived_q5_P28,join_order_ss_s_i_d_cd_shuffle_hash,ba988f48814cec92,12231303.0,652185780649959.0,,0.11183212068634789,843.0755000000003,0.01122300666666667,5.695644300431013e-05,0.0010252159740775824,841.7255000000002,12231303.0,110081727.0
tpcds_derived_q5,tpcds_derived_q5_P29,join_order_ss_s_i_cd_d,22f09e99380c6875,12231303.0,652185780649959.0,,0.06670331846047578,502.56375,0.00669085,5.695644300431013e-05,0.00022782577201724052,501.81375,12231303.0,24462606.0
tpcds_derived_q5,tpcds_derived_q5_P30,join_order_ss_s_i_cd_d_merge,e398aa8c2861ec65,12231303.0,652185780649959.0,,0.13468819684693534,1015.6650000000002,0.013513533333333338,5.695644300431013e-05,0.0010252159740775824,1013.5150000000002,12231303.0,110081727.0
tpcds_derived_q5,tpcds_derived_q5_P31,join_order_ss_s_i_cd_d_shuffle_hash,973d9465dce99e48,12231303.0,652185780649959.0,,0.11183212068634789,843.0755000000003,0.01122300666666667,5.695644300431013e-05,0.0010252159740775824,841.7255000000002,12231303.0,110081727.0
tpcds_derived_q5,tpcds_derived_q5_P32,join_order_ss_s_cd_d_i,61a99ccfa5047653,12231303.0,1.1938525059323384e+16,,0.06670331846047578,502.56375,0.00669085,5.695644300431013e-05,0.00022782577201724052,501.81375,12231303.0,24462606.0
tpcds_derived_q5,tpcds_derived_q5_P33,join_order_ss_s_cd_d_i_merge,ca2be5aee7940f0d,12231303.0,1.1938525059323384e+16,,0.13468819684693534,1015.6650000000002,0.013513533333333338,5.695644300431013e-05,0.0010252159740775824,1013.5150000000002,12231303.0,110081727.0
tpcds_derived_q5,tpcds_derived_q5_P34,join_order_ss_s_cd_d_i_shuffle_hash,af64cc4437c20f19,12231303.0,1.1938525059323384e+16,,0.11183212068634789,843.0755000000003,0.01122300666666667,5.695644300431013e-05,0.0010252159740775824,841.7255000000002,12231303.0,110081727.0
tpcds_derived_q5,tpcds_derived_q5_P35,join_order_ss_s_cd_i_d,208f49cb062392ce,12231303.0,4674848831096.0,,0.06670331846047578,502.56375,0.00669085,5.695644300431013e-05,0.00022782577201724052,501.81375,12231303.0,24462606.0
tpcds_derived_q5,tpcds_derived_q5_P36,join_order_ss_s_cd_i_d_merge,7e668d946cba69d2,12231303.0,4674848831096.0,,0.13468819684693534,1015.6650000000002,0.013513533333333338,5.695644300431013e-05,0.0010252159740775824,1013.5150000000002,12231303.0,110081727.0
tpcds_derived_q5,tpcds_derived_q5_P37,join_order_ss_s_cd_i_d_shuffle_hash,97e45e4a66a95dac,12231303.0,4674848831096.0,,0.11183212068634789,843.0755000000003,0.01122300666666667,5.695644300431013e-05,0.0010252159740775824,841.7255000000002,12231303.0,110081727.0
tpcds_derived_q5,tpcds_derived_q5_P38,join_order_ss_i_d_s_cd,6a34f2bf71eaf97d,12231303.0,1627757503329984.0,,0.06670331846047578,502.56375,0.00669085,5.695644300431013e-05,0.00022782577201724052,501.81375,12231303.0,24462606.0
tpcds_derived_q5,tpcds_derived_q5_P39,join_order_ss_i_d_s_cd_merge,dec19dc5f02b9b74,12231303.0,1627757503329984.0,,0.13468819684693534,1015.6650000000002,0.013513533333333338,5.695644300431013e-05,0.0010252159740775824,1013.5150000000002,12231303.0,110081727.0
tpcds_derived_q5,tpcds_derived_q5_P40,join_order_ss_i_d_s_cd_shuffle_hash,aed0ffc7260e2147,12231303.0,1627757503329984.0,,0.11183212068634789,843.0755000000003,0.01122300666666667,5.695644300431013e-05,0.0010252159740775824,841.7255000000002,12231303.0,110081727.0
tpcds_derived_q5,tpcds_derived_q5_P41,join_order_ss_i_d_cd_s,08a5310cc0fc7ade,12231303.0,1627757503329984.0,,0.06670331846047578,502.56375,0.00669085,5.695644300431013e-05,0.00022782577201724052,501.81375,12231303.0,24462606.0
tpcds_derived_q5,tpcds_derived_q5_P42,join_order_ss_i_d_cd_s_merge,c8915e413f1cea9b,12231303.0,1627757503329984.0,,0.13468819684693534,1015.6650000000002,0.013513533333333338,5.695644300431013e-05,0.0010252159740775824,1013.5150000000002,12231303.0,110081727.0
tpcds_derived_q5,tpcds_derived_q5_P43,join_order_ss_i_d_cd_s_shuffle_hash,6daf496192fc901a,12231303.0,1627757503329984.0,,0.11183212068634789,843.0755000000003,0.01122300666666667,5.695644300431013e-05,0.0010252159740775824,841.7255000000002,12231303.0,110081727.0
tpcds_derived_q5,tpcds_derived_q5_P44,join_order_ss_i_s_d_cd,12ed4555ad9bda1a,12231303.0,652185780813653.0,,0.06670331846047578,502.56375,0.00669085,5.695644300431013e-05,0.00022782577201724052,501.81375,12231303.0,24462606.0
tpcds_derived_q5,tpcds_derived_q5_P45,join_order_ss_i_s_d_cd_merge,efc08e5bd04e8d58,12231303.0,652185780813653.0,,0.13468819684693534,1015.6650000000002,0.013513533333333338,5.695644300431013e-05,0.0010252159740775824,1013.5150000000002,12231303.0,110081727.0
tpcds_derived_q5,tpcds_derived_q5_P46,join_order_ss_i_s_d_cd_shuffle_hash,9344ba43a9072985,12231303.0,652185780813653.0,,0.11183212068634789,843.0755000000003,0.01122300666666667,5.695644300431013e-05,0.0010252159740775824,841.7255000000002,12231303.0,110081727.0
tpcds_derived_q5,tpcds_derived_q5_P47,join_order_ss_i_s_cd_d,22107f7315171458,12231303.0,652185780813653.0,,0.06670331846047578,502.56375,0.00669085,5.695644300431013e-05,0.00022782577201724052,501.81375,12231303.0,24462606.0
tpcds_derived_q5,tpcds_derived_q5_P48,join_order_ss_i_s_cd_d_merge,cbe752d32e82d619,12231303.0,652185780813653.0,,0.13468819684693534,1015.6650000000002,0.013513533333333338,5.695644300431013e-05,0.0010252159740775824,1013.5150000000002,12231303.0,110081727.0
tpcds_derived_q5,tpcds_derived_q5_P49,join_order_ss_i_s_cd_d_shuffle_hash,baa230121609a466,12231303.0,652185780813653.0,,0.11183212068634789,843.0755000000003,0.01122300666666667,5.695644300431013e-05,0.0010252159740775824,841.7255000000002,12231303.0,110081727.0
tpcds_derived_q5,tpcds_derived_q5_P50,join_order_ss_i_cd_d_s,828eacab6e539965,12231303.0,2723903855722609.0,,0.06670331846047578,502.56375,0.00669085,5.695644300431013e-05,0.00022782577201724052,501.81375,12231303.0,24462606.0
tpcds_derived_q5,tpcds_derived_q5_P51,join_order_ss_i_cd_d_s_merge,f0ef07e705fb8279,12231303.0,2723903855722609.0,,0.13468819684693534,1015.6650000000002,0.013513533333333338,5.695644300431013e-05,0.0010252159740775824,1013.5150000000002,12231303.0,110081727.0
tpcds_derived_q5,tpcds_derived_q5_P52,join_order_ss_i_cd_d_s_shuffle_hash,1664905472efde05,12231303.0,2723903855722609.0,,0.11183212068634789,843.0755000000003,0.01122300666666667,5.695644300431013e-05,0.0010252159740775824,841.7255000000002,12231303.0,110081727.0
tpcds_derived_q5,tpcds_derived_q5_P53,join_order_ss_i_cd_s_d,1bdc70dbe7ff2dc7,12231303.0,2723903855722609.0,,0.06670331846047578,502.56375,0.00669085,5.695644300431013e-05,0.00022782577201724052,501.81375,12231303.0,24462606.0
tpcds_derived_q5,tpcds_derived_q5_P54,join_order_ss_i_cd_s_d_merge,d5b730d4cf01a4a8,12231303.0,2723903855722609.0,,0.13468819684693534,1015.6650000000002,0.013513533333333338,5.695644300431013e-05,0.0010252159740775824,1013.5150000000002,12231303.0,110081727.0
tpcds_derived_q5,tpcds_derived_q5_P55,join_order_ss_i_cd_s_d_shuffle_hash,5eae4a13d986af75,12231303.0,2723903855722609.0,,0.11183212068634789,843.0755000000003,0.01122300666666667,5.695644300431013e-05,0.0010252159740775824,841.7255000000002,12231303.0,110081727.0
tpcds_derived_q5,tpcds_derived_q5_P56,join_order_ss_cd_d_s_i,6d87530a57fdd28a,12231303.0,1.1512149166901492e+16,,0.06670331846047578,502.56375,0.00669085,5.695644300431013e-05,0.00022782577201724052,501.81375,12231303.0,24462606.0
tpcds_derived_q5,tpcds_derived_q5_P57,join_order_ss_cd_d_s_i_merge,3ea8e94b4ac66ea8,12231303.0,1.1512149166901492e+16,,0.13468819684693534,1015.6650000000002,0.013513533333333338,5.695644300431013e-05,0.0010252159740775824,1013.5150000000002,12231303.0,110081727.0
tpcds_derived_q5,tpcds_derived_q5_P58,join_order_ss_cd_d_s_i_shuffle_hash,e64a0b91bb8b2f10,12231303.0,1.1512149166901492e+16,,0.11183212068634789,843.0755000000003,0.01122300666666667,5.695644300431013e-05,0.0010252159740775824,841.7255000000002,12231303.0,110081727.0
tpcds_derived_q5,tpcds_derived_q5_P59,join_order_ss_cd_d_i_s,c4d7e7e0fa1d217a,12231303.0,11667718750238.0,,0.06670331846047578,502.56375,0.00669085,5.695644300431013e-05,0.00022782577201724052,501.81375,12231303.0,24462606.0
tpcds_derived_q5,tpcds_derived_q5_P60,join_order_ss_cd_d_i_s_merge,dc3ad13b7717c3e2,12231303.0,11667718750238.0,,0.13468819684693534,1015.6650000000002,0.013513533333333338,5.695644300431013e-05,0.0010252159740775824,1013.5150000000002,12231303.0,110081727.0
tpcds_derived_q5,tpcds_derived_q5_P61,join_order_ss_cd_d_i_s_shuffle_hash,f0b30d0c41b0589d,12231303.0,11667718750238.0,,0.11183212068634789,843.0755000000003,0.01122300666666667,5.695644300431013e-05,0.0010252159740775824,841.7255000000002,12231303.0,110081727.0
tpcds_derived_q5,tpcds_derived_q5_P62,join_order_ss_cd_s_d_i,03de47a3a036f47f,12231303.0,1.1938525061971652e+16,,0.06670331846047578,502.56375,0.00669085,5.695644300431013e-05,0.00022782577201724052,501.81375,12231303.0,24462606.0
tpcds_derived_q5,tpcds_derived_q5_P63,join_order_ss_cd_s_d_i_merge,b5443f0abb6e94f0,12231303.0,1.1938525061971652e+16,,0.13468819684693534,1015.6650000000002,0.013513533333333338,5.695644300431013e-05,0.0010252159740775824,1013.5150000000002,12231303.0,110081727.0
tpcds_derived_q5,tpcds_derived_q5_P64,join_order_ss_cd_s_d_i_shuffle_hash,f795fe7da48c7265,12231303.0,1.1938525061971652e+16,,0.11183212068634789,843.0755000000003,0.01122300666666667,5.695644300431013e-05,0.0010252159740775824,841.7255000000002,12231303.0,110081727.0
tpcds_derived_q5,tpcds_derived_q5_P65,join_order_ss_cd_s_i_d,3af3c0ac2f3c16b1,12231303.0,4674848832133.0,,0.06670331846047578,502.56375,0.00669085,5.695644300431013e-05,0.00022782577201724052,501.81375,12231303.0,24462606.0
tpcds_derived_q5,tpcds_derived_q5_P66,join_order_ss_cd_s_i_d_merge,f962ea0965e613ab,12231303.0,4674848832133.0,,0.13468819684693534,1015.6650000000002,0.013513533333333338,5.695644300431013e-05,0.0010252159740775824,1013.5150000000002,12231303.0,110081727.0
tpcds_derived_q5,tpcds_derived_q5_P67,join_order_ss_cd_s_i_d_shuffle_hash,f6bf59f808f80142,12231303.0,4674848832133.0,,0.11183212068634789,843.0755000000003,0.01122300666666667,5.695644300431013e-05,0.0010252159740775824,841.7255000000002,12231303.0,110081727.0
tpcds_derived_q5,tpcds_derived_q5_P68,join_order_ss_cd_i_d_s,a4f4cca44a913e77,12231303.0,2723903855642835.0,,0.06670331846047578,502.56375,0.00669085,5.695644300431013e-05,0.00022782577201724052,501.81375,12231303.0,24462606.0
tpcds_derived_q5,tpcds_derived_q5_P69,join_order_ss_cd_i_d_s_merge,9006444b344d6558,12231303.0,2723903855642835.0,,0.13468819684693534,1015.6650000000002,0.013513533333333338,5.695644300431013e-05,0.0010252159740775824,1013.5150000000002,12231303.0,110081727.0
tpcds_derived_q5,tpcds_derived_q5_P70,join_order_ss_cd_i_d_s_shuffle_hash,39dd72c46276c508,12231303.0,2723903855642835.0,,0.11183212068634789,843.0755000000003,0.01122300666666667,5.695644300431013e-05,0.0010252159740775824,841.7255000000002,12231303.0,110081727.0
tpcds_derived_q5,tpcds_derived_q5_P71,join_order_ss_cd_i_s_d,b0a5eba8870d189f,12231303.0,2723903855642835.0,,0.06670331846047578,502.56375,0.00669085,5.695644300431013e-05,0.00022782577201724052,501.81375,12231303.0,24462606.0
tpcds_derived_q5,tpcds_derived_q5_P72,join_order_ss_cd_i_s_d_merge,6c7d3e19ec5c5ac3,12231303.0,2723903855642835.0,,0.13468819684693534,1015.6650000000002,0.013513533333333338,5.695644300431013e-05,0.0010252159740775824,1013.5150000000002,12231303.0,110081727.0
tpcds_derived_q5,tpcds_derived_q5_P73,join_order_ss_cd_i_s_d_shuffle_hash,740dcfd51afb1811,12231303.0,2723903855642835.0,,0.11183212068634789,843.0755000000003,0.01122300666666667,5.695644300431013e-05,0.0010252159740775824,841.7255000000002,12231303.0,110081727.0
tpcds_derived_q5,tpcds_derived_q5_P74,join_order_d_ss_s_i_cd,d503259ef0956b3f,12231303.0,2607367692805.0,,0.06670331846047578,502.56375,0.00669085,5.695644300431013e-05,0.00022782577201724052,501.81375,12231303.0,24462606.0
tpcds_derived_q5,tpcds_derived_q5_P75,join_order_d_ss_s_i_cd_merge,733d1c1fb71204f4,12231303.0,2607367692805.0,,0.13468819684693534,1015.6650000000002,0.013513533333333338,5.695644300431013e-05,0.0010252159740775824,1013.5150000000002,12231303.0,110081727.0
tpcds_derived_q5,tpcds_derived_q5_P76,join_order_d_ss_s_i_cd_shuffle_hash,ad2b87c37eb26ce0,12231303.0,2607367692805.0,,0.11183212068634789,843.0755000000003,0.01122300666666667,5.695644300431013e-05,0.0010252159740775824,841.7255000000002,12231303.0,110081727.0
tpcds_derived_q5,tpcds_derived_q5_P77,join_order_d_ss_s_cd_i,86b985fd4020c6f2,12231303.0,1.0744672554527982e+16,,0.06670331846047578,502.56375,0.00669085,5.695644300431013e-05,0.00022782577201724052,501.81375,12231303.0,24462606.0
tpcds_derived_q5,tpcds_derived_q5_P78,join_order_d_ss_s_cd_i_merge,05cfaa93b98a033e,12231303.0,1.0744672554527982e+16,,0.13468819684693534,1015.6650000000002,0.013513533333333338,5.695644300431013e-05,0.0010252159740775824,1013.5150000000002,12231303.0,110081727.0
tpcds_derived_q5,tpcds_derived_q5_P79,join_order_d_ss_s_cd_i_shuffle_hash,ff51b375ccb44d5b,12231303.0,1.0744672554527982e+16,,0.11183212068634789,843.0755000000003,0.01122300666666667,5.695644300431013e-05,0.0010252159740775824,841.7255000000002,12231303.0,110081727.0
tpcds_derived_q5,tpcds_derived_q5_P80,join_order_d_ss_i_s_cd,657a454ef525a989,12231303.0,1519240336220883.0,,0.06670331846047578,502.56375,0.00669085,5.695644300431013e-05,0.00022782577201724052,501.81375,12231303.0,24462606.0
tpcds_derived_q5,tpcds_derived_q5_P81,join_order_d_ss_i_s_cd_merge,fe8e20f8467b4039,12231303.0,1519240336220883.0,,0.13468819684693534,1015.6650000000002,0.013513533333333338,5.695644300431013e-05,0.0010252159740775824,1013.5150000000002,12231303.0,110081727.0
tpcds_derived_q5,tpcds_derived_q5_P82,join_order_d_ss_i_s_cd_shuffle_hash,c5e2ba4ab745c01f,12231303.0,1519240336220883.0,,0.11183212068634789,843.0755000000003,0.01122300666666667,5.695644300431013e-05,0.0010252159740775824,841.7255000000002,12231303.0,110081727.0
tpcds_derived_q5,tpcds_derived_q5_P83,join_order_d_ss_i_cd_s,8a98cb65b529d727,12231303.0,1519240336220883.0,,0.06670331846047578,502.56375,0.00669085,5.695644300431013e-05,0.00022782577201724052,501.81375,12231303.0,24462606.0
tpcds_derived_q5,tpcds_derived_q5_P84,join_order_d_ss_i_cd_s_merge,2b98f5dad204dc05,12231303.0,1519240336220883.0,,0.13468819684693534,1015.6650000000002,0.013513533333333338,5.695644300431013e-05,0.0010252159740775824,1013.5150000000002,12231303.0,110081727.0
tpcds_derived_q5,tpcds_derived_q5_P85,join_order_d_ss_i_cd_s_shuffle_hash,ecc24091c78df8f1,12231303.0,1519240336220883.0,,0.11183212068634789,843.0755000000003,0.01122300666666667,5.695644300431013e-05,0.0010252159740775824,841.7255000000002,12231303.0,110081727.0
tpcds_derived_q5,tpcds_derived_q5_P86,join_order_d_ss_cd_s_i,ed03e034e90d9901,12231303.0,1.074467255453008e+16,,0.06670331846047578,502.56375,0.00669085,5.695644300431013e-05,0.00022782577201724052,501.81375,12231303.0,24462606.0
tpcds_derived_q5,tpcds_derived_q5_P87,join_order_d_ss_cd_s_i_merge,8542be34ea9a2fed,12231303.0,1.074467255453008e+16,,0.13468819684693534,1015.6650000000002,0.013513533333333338,5.695644300431013e-05,0.0010252159740775824,1013.5150000000002,12231303.0,110081727.0
tpcds_derived_q5,tpcds_derived_q5_P88,join_order_d_ss_cd_s_i_shuffle_hash,bb5244e437a17c8e,12231303.0,1.074467255453008e+16,,0.11183212068634789,843.0755000000003,0.01122300666666667,5.695644300431013e-05,0.0010252159740775824,841.7255000000002,12231303.0,110081727.0
tpcds_derived_q5,tpcds_derived_q5_P89,join_order_d_ss_cd_i_s,0ec36a466ade9f31,12231303.0,10889870832294.0,,0.06670331846047578,502.56375,0.00669085,5.695644300431013e-05,0.00022782577201724052,501.81375,12231303.0,24462606.0
tpcds_derived_q5,tpcds_derived_q5_P90,join_order_d_ss_cd_i_s_merge,9a02ff1ce89f7fe3,12231303.0,10889870832294.0,,0.13468819684693534,1015.6650000000002,0.013513533333333338,5.695644300431013e-05,0.0010252159740775824,1013.5150000000002,12231303.0,110081727.0
tpcds_derived_q5,tpcds_derived_q5_P91,join_order_d_ss_cd_i_s_shuffle_hash,d1258840864c806a,12231303.0,10889870832294.0,,0.11183212068634789,843.0755000000003,0.01122300666666667,5.695644300431013e-05,0.0010252159740775824,841.7255000000002,12231303.0,110081727.0
tpcds_derived_q5,tpcds_derived_q5_P92,join_order_s_ss_d_i_cd,2dd9e78090a81849,12231303.0,2793608241996.0,,0.06670331846047578,502.56375,0.00669085,5.695644300431013e-05,0.00022782577201724052,501.81375,12231303.0,24462606.0
tpcds_derived_q5,tpcds_derived_q5_P93,join_order_s_ss_d_i_cd_merge,7b426df2778131f3,12231303.0,2793608241996.0,,0.13468819684693534,1015.6650000000002,0.013513533333333338,5.695644300431013e-05,0.0010252159740775824,1013.5150000000002,12231303.0,110081727.0
tpcds_derived_q5,tpcds_derived_q5_P94,join_order_s_ss_d_i_cd_shuffle_hash,1c71005778f42ca3,12231303.0,2793608241996.0,,0.11183212068634789,843.0755000000003,0.01122300666666667,5.695644300431013e-05,0.0010252159740775824,841.7255000000002,12231303.0,110081727.0
tpcds_derived_q5,tpcds_derived_q5_P95,join_order_s_ss_d_cd_i,26f0aad7cc169460,12231303.0,1.1512149164349738e+16,,0.06670331846047578,502.56375,0.00669085,5.695644300431013e-05,0.00022782577201724052,501.81375,12231303.0,24462606.0
tpcds_derived_q5,tpcds_derived_q5_P96,join_order_s_ss_d_cd_i_merge,811f9a401b00e8de,12231303.0,1.1512149164349738e+16,,0.13468819684693534,1015.6650000000002,0.013513533333333338,5.695644300431013e-05,0.0010252159740775824,1013.5150000000002,12231303.0,110081727.0
tpcds_derived_q5,tpcds_derived_q5_P97,join_order_s_ss_d_cd_i_shuffle_hash,f7e27868ab654a16,12231303.0,1.1512149164349738e+16,,0.11183212068634789,843.0755000000003,0.01122300666666667,5.695644300431013e-05,0.0010252159740775824,841.7255000000002,12231303.0,110081727.0
tpcds_derived_q5,tpcds_derived_q5_P98,join_order_s_ss_i_d_cd,127ec6774f1d894d,12231303.0,652185780649959.0,,0.06670331846047578,502.56375,0.00669085,5.695644300431013e-05,0.00022782577201724052,501.81375,12231303.0,24462606.0
tpcds_derived_q5,tpcds_derived_q5_P99,join_order_s_ss_i_d_cd_merge,c96ed1c2e0658712,12231303.0,652185780649959.0,,0.13468819684693534,1015.6650000000002,0.013513533333333338,5.695644300431013e-05,0.0010252159740775824,1013.5150000000002,12231303.0,110081727.0
tpcds_derived_q5,tpcds_derived_q5_P100,join_order_s_ss_i_d_cd_shuffle_hash,3152091d66bcc568,12231303.0,652185780649959.0,,0.11183212068634789,843.0755000000003,0.01122300666666667,5.695644300431013e-05,0.0010252159740775824,841.7255000000002,12231303.0,110081727.0
tpcds_derived_q5,tpcds_derived_q5_P101,join_order_s_ss_i_cd_d,8579de2d30015664,12231303.0,652185780649959.0,,0.06670331846047578,502.56375,0.00669085,5.695644300431013e-05,0.00022782577201724052,501.81375,12231303.0,24462606.0
tpcds_derived_q5,tpcds_derived_q5_P102,join_order_s_ss_i_cd_d_merge,f19fda8cf446537d,12231303.0,652185780649959.0,,0.13468819684693534,1015.6650000000002,0.013513533333333338,5.695644300431013e-05,0.0010252159740775824,1013.5150000000002,12231303.0,110081727.0
tpcds_derived_q5,tpcds_derived_q5_P103,join_order_s_ss_i_cd_d_shuffle_hash,4f72a7babbcb9185,12231303.0,652185780649959.0,,0.11183212068634789,843.0755000000003,0.01122300666666667,5.695644300431013e-05,0.0010252159740775824,841.7255000000002,12231303.0,110081727.0
tpcds_derived_q5,tpcds_derived_q5_P104,join_order_s_ss_cd_d_i,376a35774b05cb2b,12231303.0,1.1938525059323384e+16,,0.06670331846047578,502.56375,0.00669085,5.695644300431013e-05,0.00022782577201724052,501.81375,12231303.0,24462606.0
tpcds_derived_q5,tpcds_derived_q5_P105,join_order_s_ss_cd_d_i_merge,65fd63d64d0941a3,12231303.0,1.1938525059323384e+16,,0.13468819684693534,1015.6650000000002,0.013513533333333338,5.695644300431013e-05,0.0010252159740775824,1013.5150000000002,12231303.0,110081727.0
tpcds_derived_q5,tpcds_derived_q5_P106,join_order_s_ss_cd_d_i_shuffle_hash,374804c7d1eb8c8a,12231303.0,1.1938525059323384e+16,,0.11183212068634789,843.0755000000003,0.01122300666666667,5.695644300431013e-05,0.0010252159740775824,841.7255000000002,12231303.0,110081727.0
tpcds_derived_q5,tpcds_derived_q5_P107,join_order_s_ss_cd_i_d,093cdcc051e8145a,12231303.0,4674848831096.0,,0.06670331846047578,502.56375,0.00669085,5.695644300431013e-05,0.00022782577201724052,501.81375,12231303.0,24462606.0
tpcds_derived_q5,tpcds_derived_q5_P108,join_order_s_ss_cd_i_d_merge,6477ec0ef480541f,12231303.0,4674848831096.0,,0.13468819684693534,1015.6650000000002,0.013513533333333338,5.695644300431013e-05,0.0010252159740775824,1013.5150000000002,12231303.0,110081727.0
tpcds_derived_q5,tpcds_derived_q5_P109,join_order_s_ss_cd_i_d_shuffle_hash,de954b9b5ccfa80b,12231303.0,4674848831096.0,,0.11183212068634789,843.0755000000003,0.01122300666666667,5.695644300431013e-05,0.0010252159740775824,841.7255000000002,12231303.0,110081727.0
tpcds_derived_q5,tpcds_derived_q5_P110,join_order_i_ss_d_s_cd,932c12ae2a4c0431,12231303.0,1627757503329984.0,,0.06670331846047578,502.56375,0.00669085,5.695644300431013e-05,0.00022782577201724052,501.81375,12231303.0,24462606.0
tpcds_derived_q5,tpcds_derived_q5_P111,join_order_i_ss_d_s_cd_merge,953c29986eab460f,12231303.0,1627757503329984.0,,0.13468819684693534,1015.6650000000002,0.013513533333333338,5.695644300431013e-05,0.0010252159740775824,1013.5150000000002,12231303.0,110081727.0
tpcds_derived_q5,tpcds_derived_q5_P112,join_order_i_ss_d_s_cd_shuffle_hash,2f22254dcf156d3c,12231303.0,1627757503329984.0,,0.11183212068634789,843.0755000000003,0.01122300666666667,5.695644300431013e-05,0.0010252159740775824,841.7255000000002,12231303.0,110081727.0
tpcds_derived_q5,tpcds_derived_q5_P113,join_order_i_ss_d_cd_s,0a18b8618c787009,12231303.0,1627757503329984.0,,0.06670331846047578,502.56375,0.00669085,5.695644300431013e-05,0.00022782577201724052,501.81375,12231303.0,24462606.0
tpcds_derived_q5,tpcds_derived_q5_P114,join_order_i_ss_d_cd_s_merge,53612160f79d69a0,12231303.0,1627757503329984.0,,0.13468819684693534,1015.6650000000002,0.013513533333333338,5.695644300431013e-05,0.0010252159740775824,1013.5150000000002,12231303.0,110081727.0
tpcds_derived_q5,tpcds_derived_q5_P115,join_order_i_ss_d_cd_s_shuffle_hash,a8223997509d213c,12231303.0,1627757503329984.0,,0.11183212068634789,843.0755000000003,0.01122300666666667,5.695644300431013e-05,0.0010252159740775824,841.7255000000002,12231303.0,110081727.0
tpcds_derived_q5,tpcds_derived_q5_P116,join_order_i_ss_s_d_cd,41b486895790f9d9,12231303.0,652185780813653.0,,0.06670331846047578,502.56375,0.00669085,5.695644300431013e-05,0.00022782577201724052,501.81375,12231303.0,24462606.0
tpcds_derived_q5,tpcds_derived_q5_P117,join_order_i_ss_s_d_cd_merge,b9c16f2456ce8ac7,12231303.0,652185780813653.0,,0.13468819684693534,1015.6650000000002,0.013513533333333338,5.695644300431013e-05,0.0010252159740775824,1013.5150000000002,12231303.0,110081727.0
tpcds_derived_q5,tpcds_derived_q5_P118,join_order_i_ss_s_d_cd_shuffle_hash,2f2f03ad80223fbd,12231303.0,652185780813653.0,,0.11183212068634789,843.0755000000003,0.01122300666666667,5.695644300431013e-05,0.0010252159740775824,841.7255000000002,12231303.0,110081727.0
tpcds_derived_q5,tpcds_derived_q5_P119,join_order_i_ss_s_cd_d,4f4687649d04c55f,12231303.0,652185780813653.0,,0.06670331846047578,502.56375,0.00669085,5.695644300431013e-05,0.00022782577201724052,501.81375,12231303.0,24462606.0
tpcds_derived_q5,tpcds_derived_q5_P120,join_order_i_ss_s_cd_d_merge,4df0689beabf3b38,12231303.0,652185780813653.0,,0.13468819684693534,1015.6650000000002,0.013513533333333338,5.695644300431013e-05,0.0010252159740775824,1013.5150000000002,12231303.0,110081727.0
tpcds_derived_q5,tpcds_derived_q5_P121,join_order_i_ss_s_cd_d_shuffle_hash,007b3c6ba64bd3bc,12231303.0,652185780813653.0,,0.11183212068634789,843.0755000000003,0.01122300666666667,5.695644300431013e-05,0.0010252159740775824,841.7255000000002,12231303.0,110081727.0
tpcds_derived_q5,tpcds_derived_q5_P122,join_order_i_ss_cd_d_s,ead434868940fb8f,12231303.0,2723903855722609.0,,0.06670331846047578,502.56375,0.00669085,5.695644300431013e-05,0.00022782577201724052,501.81375,12231303.0,24462606.0
tpcds_derived_q5,tpcds_derived_q5_P123,join_order_i_ss_cd_d_s_merge,c557e4c4afb373ee,12231303.0,2723903855722609.0,,0.13468819684693534,1015.6650000000002,0.013513533333333338,5.695644300431013e-05,0.0010252159740775824,1013.5150000000002,12231303.0,110081727.0
tpcds_derived_q5,tpcds_derived_q5_P124,join_order_i_ss_cd_d_s_shuffle_hash,55c07ee678c87606,12231303.0,2723903855722609.0,,0.11183212068634789,843.0755000000003,0.01122300666666667,5.695644300431013e-05,0.0010252159740775824,841.7255000000002,12231303.0,110081727.0
tpcds_derived_q5,tpcds_derived_q5_P125,join_order_i_ss_cd_s_d,970b3a11f82ab7a0,12231303.0,2723903855722609.0,,0.06670331846047578,502.56375,0.00669085,5.695644300431013e-05,0.00022782577201724052,501.81375,12231303.0,24462606.0
tpcds_derived_q5,tpcds_derived_q5_P126,join_order_i_ss_cd_s_d_merge,ba96d4fbf35fa5bf,12231303.0,2723903855722609.0,,0.13468819684693534,1015.6650000000002,0.013513533333333338,5.695644300431013e-05,0.0010252159740775824,1013.5150000000002,12231303.0,110081727.0
tpcds_derived_q5,tpcds_derived_q5_P127,join_order_i_ss_cd_s_d_shuffle_hash,4edc5988476e6ae8,12231303.0,2723903855722609.0,,0.11183212068634789,843.0755000000003,0.01122300666666667,5.695644300431013e-05,0.0010252159740775824,841.7255000000002,12231303.0,110081727.0
tpcds_derived_q5,tpcds_derived_q5_P128,join_order_cd_ss_d_s_i,585749fc1ad836d1,12231303.0,1.1512149166901492e+16,,0.06670331846047578,502.56375,0.00669085,5.695644300431013e-05,0.00022782577201724052,501.81375,12231303.0,24462606.0
tpcds_derived_q5,tpcds_derived_q5_P129,join_order_cd_ss_d_s_i_merge,732edb6fc35e27a1,12231303.0,1.1512149166901492e+16,,0.13468819684693534,1015.6650000000002,0.013513533333333338,5.695644300431013e-05,0.0010252159740775824,1013.5150000000002,12231303.0,110081727.0
tpcds_derived_q5,tpcds_derived_q5_P130,join_order_cd_ss_d_s_i_shuffle_hash,c53781169c8b8293,12231303.0,1.1512149166901492e+16,,0.11183212068634789,843.0755000000003,0.01122300666666667,5.695644300431013e-05,0.0010252159740775824,841.7255000000002,12231303.0,110081727.0
tpcds_derived_q5,tpcds_derived_q5_P131,join_order_cd_ss_d_i_s,14262f8f227e7b08,12231303.0,11667718750238.0,,0.06670331846047578,502.56375,0.00669085,5.695644300431013e-05,0.00022782577201724052,501.81375,12231303.0,24462606.0
tpcds_derived_q5,tpcds_derived_q5_P132,join_order_cd_ss_d_i_s_merge,39c8dfa4611b1ae5,12231303.0,11667718750238.0,,0.13468819684693534,1015.6650000000002,0.013513533333333338,5.695644300431013e-05,0.0010252159740775824,1013.5150000000002,12231303.0,110081727.0
tpcds_derived_q5,tpcds_derived_q5_P133,join_order_cd_ss_d_i_s_shuffle_hash,5dc4538672849c4f,12231303.0,11667718750238.0,,0.11183212068634789,843.0755000000003,0.01122300666666667,5.695644300431013e-05,0.0010252159740775824,841.7255000000002,12231303.0,110081727.0
tpcds_derived_q5,tpcds_derived_q5_P134,join_order_cd_ss_s_d_i,7c704888ab279388,12231303.0,1.1938525061971652e+16,,0.06670331846047578,502.56375,0.00669085,5.695644300431013e-05,0.00022782577201724052,501.81375,12231303.0,24462606.0
tpcds_derived_q5,tpcds_derived_q5_P135,join_order_cd_ss_s_d_i_merge,633c9aa0f9d7fd6e,12231303.0,1.1938525061971652e+16,,0.13468819684693534,1015.6650000000002,0.013513533333333338,5.695644300431013e-05,0.0010252159740775824,1013.5150000000002,12231303.0,110081727.0
tpcds_derived_q5,tpcds_derived_q5_P136,join_order_cd_ss_s_d_i_shuffle_hash,a65cc00f5468c105,12231303.0,1.1938525061971652e+16,,0.11183212068634789,843.0755000000003,0.01122300666666667,5.695644300431013e-05,0.0010252159740775824,841.7255000000002,12231303.0,110081727.0
tpcds_derived_q5,tpcds_derived_q5_P137,join_order_cd_ss_s_i_d,b0730596359d5d68,12231303.0,4674848832133.0,,0.06670331846047578,502.56375,0.00669085,5.695644300431013e-05,0.00022782577201724052,501.81375,12231303.0,24462606.0
tpcds_derived_q5,tpcds_derived_q5_P138,join_order_cd_ss_s_i_d_merge,22cc3d78708d9eaf,12231303.0,4674848832133.0,,0.13468819684693534,1015.6650000000002,0.013513533333333338,5.695644300431013e-05,0.0010252159740775824,1013.5150000000002,12231303.0,110081727.0
tpcds_derived_q5,tpcds_derived_q5_P139,join_order_cd_ss_s_i_d_shuffle_hash,95003dbad12a77e6,12231303.0,4674848832133.0,,0.11183212068634789,843.0755000000003,0.01122300666666667,5.695644300431013e-05,0.0010252159740775824,841.7255000000002,12231303.0,110081727.0
tpcds_derived_q5,tpcds_derived_q5_P140,join_order_cd_ss_i_d_s,3917e7430cbefad4,12231303.0,2723903855642835.0,,0.06670331846047578,502.56375,0.00669085,5.695644300431013e-05,0.00022782577201724052,501.81375,12231303.0,24462606.0
tpcds_derived_q5,tpcds_derived_q5_P141,join_order_cd_ss_i_d_s_merge,8c2f82cccb7d9ab4,12231303.0,2723903855642835.0,,0.13468819684693534,1015.6650000000002,0.013513533333333338,5.695644300431013e-05,0.0010252159740775824,1013.5150000000002,12231303.0,110081727.0
tpcds_derived_q5,tpcds_derived_q5_P142,join_order_cd_ss_i_d_s_shuffle_hash,b82a7ba44f18d9e9,12231303.0,2723903855642835.0,,0.11183212068634789,843.0755000000003,0.01122300666666667,5.695644300431013e-05,0.0010252159740775824,841.7255000000002,12231303.0,110081727.0
tpcds_derived_q5,tpcds_derived_q5_P143,join_order_cd_ss_i_s_d,228100d7f68d56ff,12231303.0,2723903855642835.0,,0.06670331846047578,502.56375,0.00669085,5.695644300431013e-05,0.00022782577201724052,501.81375,12231303.0,24462606.0
tpcds_derived_q5,tpcds_derived_q5_P144,join_order_cd_ss_i_s_d_merge,f622184941643035,12231303.0,2723903855642835.0,,0.13468819684693534,1015.6650000000002,0.013513533333333338,5.695644300431013e-05,0.0010252159740775824,1013.5150000000002,12231303.0,110081727.0
tpcds_derived_q5,tpcds_derived_q5_P145,join_order_cd_ss_i_s_d_shuffle_hash,f3dec951ef487969,12231303.0,2723903855642835.0,,0.11183212068634789,843.0755000000003,0.01122300666666667,5.695644300431013e-05,0.0010252159740775824,841.7255000000002,12231303.0,110081727.0
